kind,id,category,headless_status,automation_status,release_authorizer_status,exposure_status,adapter_tools,validation_status,reason_code,parameter_docs,evidence_refs
cli,batch,cli,implemented,not_applicable,not_applicable,unexposed,,source_reviewed,raw_actions_and_directory_traversal_not_exposed,See the version-pinned official CLI help and dispatch.,https://github.com/storytold/photocraft/blob/ad863217386440ca968fccc9bfff65ba24e61142/apps/photocraft-cli/src/lib.rs
cli,commands,cli,implemented,not_applicable,not_applicable,partial,capabilities_query,source_reviewed,static_release_inventory,See the version-pinned official CLI help and dispatch.,https://github.com/storytold/photocraft/blob/ad863217386440ca968fccc9bfff65ba24e61142/apps/photocraft-cli/src/lib.rs
cli,convert,cli,implemented,not_applicable,not_applicable,partial,document_open | export_image,source_reviewed,format_subset,See the version-pinned official CLI help and dispatch.,https://github.com/storytold/photocraft/blob/ad863217386440ca968fccc9bfff65ba24e61142/apps/photocraft-cli/src/lib.rs
cli,droplet,cli,implemented,not_applicable,not_applicable,unexposed,,source_reviewed,stored_arbitrary_actions_not_exposed,See the version-pinned official CLI help and dispatch.,https://github.com/storytold/photocraft/blob/ad863217386440ca968fccc9bfff65ba24e61142/apps/photocraft-cli/src/lib.rs
cli,help,cli,implemented,not_applicable,not_applicable,unexposed,,source_reviewed,informational_cli_help,See the version-pinned official CLI help and dispatch.,https://github.com/storytold/photocraft/blob/ad863217386440ca968fccc9bfff65ba24e61142/apps/photocraft-cli/src/lib.rs
cli,info,cli,implemented,not_applicable,not_applicable,partial,document_open | document_inspect,source_reviewed,validated_input_only,See the version-pinned official CLI help and dispatch.,https://github.com/storytold/photocraft/blob/ad863217386440ca968fccc9bfff65ba24e61142/apps/photocraft-cli/src/lib.rs
cli,mcp,cli,implemented,not_applicable,not_applicable,partial,connection_status,source_reviewed,managed_headless_stdio_only,See the version-pinned official CLI help and dispatch.,https://github.com/storytold/photocraft/blob/ad863217386440ca968fccc9bfff65ba24e61142/apps/photocraft-cli/src/lib.rs
cli,run,cli,implemented,not_applicable,not_applicable,partial,,source_reviewed,reviewed_typed_edits_only,See the version-pinned official CLI help and dispatch.,https://github.com/storytold/photocraft/blob/ad863217386440ca968fccc9bfff65ba24e61142/apps/photocraft-cli/src/lib.rs
cli,serve,cli,implemented,not_applicable,not_applicable,unexposed,,source_reviewed,alternate_transport_not_needed,See the version-pinned official CLI help and dispatch.,https://github.com/storytold/photocraft/blob/ad863217386440ca968fccc9bfff65ba24e61142/apps/photocraft-cli/src/lib.rs
cli,version,cli,implemented,not_applicable,not_applicable,typed,connection_status,source_reviewed,startup_version_probe,See the version-pinned official CLI help and dispatch.,https://github.com/storytold/photocraft/blob/ad863217386440ca968fccc9bfff65ba24e61142/apps/photocraft-cli/src/lib.rs
engine,brush.defineFromSelection,brush,implemented,conditional,allowed,unexposed,,source_reviewed,typed_contract_not_implemented,"{""name"":string}",https://github.com/storytold/photocraft/blob/ad863217386440ca968fccc9bfff65ba24e61142/crates/engine/src/brush_cmds.rs#L554 | https://github.com/storytold/photocraft/blob/ad863217386440ca968fccc9bfff65ba24e61142/crates/engine/src/brush_cmds.rs#L441 | https://github.com/storytold/photocraft/blob/ad863217386440ca968fccc9bfff65ba24e61142/crates/automation/src/workspace.rs#L131
engine,brush.get,brush,implemented,allowed,allowed,unexposed,,source_reviewed,typed_contract_not_implemented,{},https://github.com/storytold/photocraft/blob/ad863217386440ca968fccc9bfff65ba24e61142/crates/engine/src/brush_cmds.rs#L555 | https://github.com/storytold/photocraft/blob/ad863217386440ca968fccc9bfff65ba24e61142/crates/engine/src/brush_cmds.rs#L525 | https://github.com/storytold/photocraft/blob/ad863217386440ca968fccc9bfff65ba24e61142/crates/automation/src/workspace.rs#L131
engine,brush.presets.delete,brush,implemented,conditional,allowed,unexposed,,source_reviewed,typed_contract_not_implemented,"{""name"":string}",https://github.com/storytold/photocraft/blob/ad863217386440ca968fccc9bfff65ba24e61142/crates/engine/src/brush_cmds.rs#L553 | https://github.com/storytold/photocraft/blob/ad863217386440ca968fccc9bfff65ba24e61142/crates/engine/src/brush_cmds.rs#L417 | https://github.com/storytold/photocraft/blob/ad863217386440ca968fccc9bfff65ba24e61142/crates/automation/src/workspace.rs#L131
engine,brush.presets.importAbr,brush,implemented,conditional,allowed,unexposed,,source_reviewed,typed_contract_not_implemented,"{""path"":"".abr file""?,""data"":base64 bytes?,""group"":string?=file name,""replace"":bool=true (replace a group of the same name),""select"":bool=false (make the first imported preset current)}",https://github.com/storytold/photocraft/blob/ad863217386440ca968fccc9bfff65ba24e61142/crates/engine/src/preset_import_cmds.rs#L92 | https://github.com/storytold/photocraft/blob/ad863217386440ca968fccc9bfff65ba24e61142/crates/engine/src/preset_import_cmds.rs#L57 | https://github.com/storytold/photocraft/blob/ad863217386440ca968fccc9bfff65ba24e61142/crates/automation/src/workspace.rs#L131
engine,brush.presets.list,brush,implemented,allowed,allowed,unexposed,,source_reviewed,typed_contract_not_implemented,"{""full"":bool=false}",https://github.com/storytold/photocraft/blob/ad863217386440ca968fccc9bfff65ba24e61142/crates/engine/src/brush_cmds.rs#L551 | https://github.com/storytold/photocraft/blob/ad863217386440ca968fccc9bfff65ba24e61142/crates/engine/src/brush_cmds.rs#L375 | https://github.com/storytold/photocraft/blob/ad863217386440ca968fccc9bfff65ba24e61142/crates/automation/src/workspace.rs#L131
engine,brush.presets.save,brush,implemented,conditional,allowed,unexposed,,source_reviewed,typed_contract_not_implemented,"{""name"":string,""brush"":{…BrushSettings}?=current brush}",https://github.com/storytold/photocraft/blob/ad863217386440ca968fccc9bfff65ba24e61142/crates/engine/src/brush_cmds.rs#L552 | https://github.com/storytold/photocraft/blob/ad863217386440ca968fccc9bfff65ba24e61142/crates/engine/src/brush_cmds.rs#L406 | https://github.com/storytold/photocraft/blob/ad863217386440ca968fccc9bfff65ba24e61142/crates/automation/src/workspace.rs#L131
engine,brush.texturePattern,brush,implemented,allowed,allowed,unexposed,,source_reviewed,typed_contract_not_implemented,"{""pattern"":id|name,""scale"":1..1000?,""enabled"":bool=true} (sets the session brush's Texture to that pattern)",https://github.com/storytold/photocraft/blob/ad863217386440ca968fccc9bfff65ba24e61142/crates/engine/src/pattern_cmds.rs#L466 | https://github.com/storytold/photocraft/blob/ad863217386440ca968fccc9bfff65ba24e61142/crates/engine/src/pattern_cmds.rs#L362 | https://github.com/storytold/photocraft/blob/ad863217386440ca968fccc9bfff65ba24e61142/crates/automation/src/workspace.rs#L131
engine,channel.delete,channel,implemented,allowed,allowed,unexposed,,source_reviewed,typed_contract_not_implemented,"{""channel"":index|name?=targeted}",https://github.com/storytold/photocraft/blob/ad863217386440ca968fccc9bfff65ba24e61142/crates/engine/src/channel_cmds.rs#L1501
engine,channel.duplicate,channel,implemented,allowed,allowed,unexposed,,source_reviewed,typed_contract_not_implemented,"{""channel"":index|name|""red|…""|""composite""|""quickMask"",""name"":str?,""document"":index|""new""?=active,""invert"":bool=false}",https://github.com/storytold/photocraft/blob/ad863217386440ca968fccc9bfff65ba24e61142/crates/engine/src/channel_cmds.rs#L1493
engine,channel.list,channel,implemented,allowed,allowed,unexposed,,source_reviewed,typed_contract_not_implemented,{},https://github.com/storytold/photocraft/blob/ad863217386440ca968fccc9bfff65ba24e61142/crates/engine/src/channel_cmds.rs#L1535
engine,channel.merge,channel,implemented,allowed,allowed,unexposed,,source_reviewed,typed_contract_not_implemented,"{""mode"":""rgb|cmyk|lab""=""rgb"",""documents"":[index,…]?=open grayscale docs of the active size,""name"":str?}",https://github.com/storytold/photocraft/blob/ad863217386440ca968fccc9bfff65ba24e61142/crates/engine/src/channel_cmds.rs#L1526
engine,channel.mergeSpot,channel,implemented,allowed,allowed,unexposed,,source_reviewed,typed_contract_not_implemented,"{""channel"":index|name?=targeted or first spot}",https://github.com/storytold/photocraft/blob/ad863217386440ca968fccc9bfff65ba24e61142/crates/engine/src/channel_cmds.rs#L1523
engine,channel.move,channel,implemented,allowed,allowed,unexposed,,source_reviewed,typed_contract_not_implemented,"{""channel"":index|name,""to"":index}",https://github.com/storytold/photocraft/blob/ad863217386440ca968fccc9bfff65ba24e61142/crates/engine/src/channel_cmds.rs#L1503
engine,channel.new,channel,implemented,allowed,allowed,unexposed,,source_reviewed,typed_contract_not_implemented,"{""name"":str?,""fill"":""black|white|selection""=""black"",""color"":""#rrggbb""=""#ff0000"",""opacity"":0..100=50,""indicates"":""masked|selected""=""masked""}",https://github.com/storytold/photocraft/blob/ad863217386440ca968fccc9bfff65ba24e61142/crates/engine/src/channel_cmds.rs#L1475
engine,channel.newSpot,channel,implemented,allowed,allowed,unexposed,,source_reviewed,typed_contract_not_implemented,"{""name"":str?,""color"":""#rrggbb""=""#ff0000"",""solidity"":0..100=0,""fromSelection"":bool=true}",https://github.com/storytold/photocraft/blob/ad863217386440ca968fccc9bfff65ba24e61142/crates/engine/src/channel_cmds.rs#L1484
engine,channel.options,channel,implemented,allowed,allowed,unexposed,,source_reviewed,typed_contract_not_implemented,"{""channel"":index|name|""quickMask"",""name"":str?,""indicates"":""masked|selected|spot""?,""color"":""#rrggbb""?,""opacity"":0..100?,""solidity"":0..100?}",https://github.com/storytold/photocraft/blob/ad863217386440ca968fccc9bfff65ba24e61142/crates/engine/src/channel_cmds.rs#L1515
engine,channel.rename,channel,implemented,allowed,allowed,unexposed,,source_reviewed,typed_contract_not_implemented,"{""channel"":index|name,""name"":str}",https://github.com/storytold/photocraft/blob/ad863217386440ca968fccc9bfff65ba24e61142/crates/engine/src/channel_cmds.rs#L1502
engine,channel.setVisible,channel,implemented,allowed,allowed,unexposed,,source_reviewed,typed_contract_not_implemented,"{""channel"":""composite""|""red|…""|index|name|""quickMask"",""visible"":bool?=toggle}",https://github.com/storytold/photocraft/blob/ad863217386440ca968fccc9bfff65ba24e61142/crates/engine/src/channel_cmds.rs#L1506
engine,channel.split,channel,implemented,allowed,allowed,unexposed,,source_reviewed,typed_contract_not_implemented,"{""closeOriginal"":bool=true}",https://github.com/storytold/photocraft/blob/ad863217386440ca968fccc9bfff65ba24e61142/crates/engine/src/channel_cmds.rs#L1524
engine,channel.target,channel,implemented,allowed,allowed,unexposed,,source_reviewed,typed_contract_not_implemented,"{""channel"":""composite""|""red|green|blue|…""|index|name=""composite""}",https://github.com/storytold/photocraft/blob/ad863217386440ca968fccc9bfff65ba24e61142/crates/engine/src/channel_cmds.rs#L1504
engine,channel.target.composite,channel,implemented,allowed,allowed,unexposed,,source_reviewed,typed_contract_not_implemented,{},https://github.com/storytold/photocraft/blob/ad863217386440ca968fccc9bfff65ba24e61142/crates/engine/src/channel_cmds.rs#L1544
engine,channel.target.slot3,channel,implemented,allowed,allowed,unexposed,,source_reviewed,typed_contract_not_implemented,{},https://github.com/storytold/photocraft/blob/ad863217386440ca968fccc9bfff65ba24e61142/crates/engine/src/channel_cmds.rs#L1545
engine,channel.target.slot4,channel,implemented,allowed,allowed,unexposed,,source_reviewed,typed_contract_not_implemented,{},https://github.com/storytold/photocraft/blob/ad863217386440ca968fccc9bfff65ba24e61142/crates/engine/src/channel_cmds.rs#L1546
engine,channel.target.slot5,channel,implemented,allowed,allowed,unexposed,,source_reviewed,typed_contract_not_implemented,{},https://github.com/storytold/photocraft/blob/ad863217386440ca968fccc9bfff65ba24e61142/crates/engine/src/channel_cmds.rs#L1547
engine,channel.target.slot6,channel,implemented,allowed,allowed,unexposed,,source_reviewed,typed_contract_not_implemented,{},https://github.com/storytold/photocraft/blob/ad863217386440ca968fccc9bfff65ba24e61142/crates/engine/src/channel_cmds.rs#L1548
engine,channel.target.slot7,channel,implemented,allowed,allowed,unexposed,,source_reviewed,typed_contract_not_implemented,{},https://github.com/storytold/photocraft/blob/ad863217386440ca968fccc9bfff65ba24e61142/crates/engine/src/channel_cmds.rs#L1549
engine,channel.target.slot8,channel,implemented,allowed,allowed,unexposed,,source_reviewed,typed_contract_not_implemented,{},https://github.com/storytold/photocraft/blob/ad863217386440ca968fccc9bfff65ba24e61142/crates/engine/src/channel_cmds.rs#L1550
engine,channel.target.slot9,channel,implemented,allowed,allowed,unexposed,,source_reviewed,typed_contract_not_implemented,{},https://github.com/storytold/photocraft/blob/ad863217386440ca968fccc9bfff65ba24e61142/crates/engine/src/channel_cmds.rs#L1551
engine,cloneSource.list,cloneSource,implemented,allowed,allowed,unexposed,,source_reviewed,typed_contract_not_implemented,"{} → {active,sources:[{index,source,anchor,offset,layer,width,height,rotation,flipH,flipV}],overlay}",https://github.com/storytold/photocraft/blob/ad863217386440ca968fccc9bfff65ba24e61142/crates/engine/src/presets/clone_source.rs#L346 | https://github.com/storytold/photocraft/blob/ad863217386440ca968fccc9bfff65ba24e61142/crates/engine/src/presets/clone_source.rs#L244 | https://github.com/storytold/photocraft/blob/ad863217386440ca968fccc9bfff65ba24e61142/crates/automation/src/workspace.rs#L131
engine,cloneSource.overlay,cloneSource,implemented,allowed,allowed,unexposed,,source_reviewed,typed_contract_not_implemented,"{""show"":bool?,""opacity"":0..100?,""clipped"":bool?,""autoHide"":bool?,""invert"":bool?,""blend"":""normal|darken|lighten|difference""?}",https://github.com/storytold/photocraft/blob/ad863217386440ca968fccc9bfff65ba24e61142/crates/engine/src/presets/clone_source.rs#L386 | https://github.com/storytold/photocraft/blob/ad863217386440ca968fccc9bfff65ba24e61142/crates/engine/src/presets/clone_source.rs#L316 | https://github.com/storytold/photocraft/blob/ad863217386440ca968fccc9bfff65ba24e61142/crates/automation/src/workspace.rs#L131
engine,cloneSource.resetTransform,cloneSource,implemented,allowed,allowed,unexposed,,source_reviewed,typed_contract_not_implemented,"{""index"":0..4?=active}",https://github.com/storytold/photocraft/blob/ad863217386440ca968fccc9bfff65ba24e61142/crates/engine/src/presets/clone_source.rs#L376 | https://github.com/storytold/photocraft/blob/ad863217386440ca968fccc9bfff65ba24e61142/crates/engine/src/presets/clone_source.rs#L309 | https://github.com/storytold/photocraft/blob/ad863217386440ca968fccc9bfff65ba24e61142/crates/automation/src/workspace.rs#L131
engine,cloneSource.select,cloneSource,implemented,allowed,allowed,unexposed,,source_reviewed,typed_contract_not_implemented,"{""index"":0..4}",https://github.com/storytold/photocraft/blob/ad863217386440ca968fccc9bfff65ba24e61142/crates/engine/src/presets/clone_source.rs#L356 | https://github.com/storytold/photocraft/blob/ad863217386440ca968fccc9bfff65ba24e61142/crates/engine/src/presets/clone_source.rs#L251 | https://github.com/storytold/photocraft/blob/ad863217386440ca968fccc9bfff65ba24e61142/crates/automation/src/workspace.rs#L131
engine,cloneSource.set,cloneSource,implemented,allowed,allowed,unexposed,,source_reviewed,typed_contract_not_implemented,"{""index"":0..4?=active,""source"":[x,y]? (⌥-click; re-pairs with the next stroke),""offset"":[dx,dy]?,""width"":%?,""height"":%?|""scale"":[w%,h%]?,""rotation"":deg?,""flipH"":bool?,""flipV"":bool?,""layer"":id?,""clear"":bool?,""select"":bool=true}",https://github.com/storytold/photocraft/blob/ad863217386440ca968fccc9bfff65ba24e61142/crates/engine/src/presets/clone_source.rs#L366 | https://github.com/storytold/photocraft/blob/ad863217386440ca968fccc9bfff65ba24e61142/crates/engine/src/presets/clone_source.rs#L261 | https://github.com/storytold/photocraft/blob/ad863217386440ca968fccc9bfff65ba24e61142/crates/automation/src/workspace.rs#L131
engine,color.profileMismatch,color,implemented,denied,denied,blocked,,source_reviewed,upstream_workspace_denied,"{""action"":""preserve|convert|discard|assignWorking""}",https://github.com/storytold/photocraft/blob/ad863217386440ca968fccc9bfff65ba24e61142/crates/engine/src/color_cmds.rs#L964 | https://github.com/storytold/photocraft/blob/ad863217386440ca968fccc9bfff65ba24e61142/crates/automation/src/workspace.rs#L140
engine,command.list,command,implemented,allowed,allowed,unexposed,,source_reviewed,typed_contract_not_implemented,{},https://github.com/storytold/photocraft/blob/ad863217386440ca968fccc9bfff65ba24e61142/crates/engine/src/commands.rs#L796
engine,count.add,count,implemented,allowed,allowed,unexposed,,source_reviewed,typed_contract_not_implemented,"{""x"":px,""y"":px,""group"":index?}",https://github.com/storytold/photocraft/blob/ad863217386440ca968fccc9bfff65ba24e61142/crates/engine/src/analysis_cmds.rs#L1169
engine,count.clear,count,implemented,allowed,allowed,unexposed,,source_reviewed,typed_contract_not_implemented,"{""group"":index|""all""=active}",https://github.com/storytold/photocraft/blob/ad863217386440ca968fccc9bfff65ba24e61142/crates/engine/src/analysis_cmds.rs#L1172
engine,count.deleteGroup,count,implemented,allowed,allowed,unexposed,,source_reviewed,typed_contract_not_implemented,"{""group"":index=active}",https://github.com/storytold/photocraft/blob/ad863217386440ca968fccc9bfff65ba24e61142/crates/engine/src/analysis_cmds.rs#L1174
engine,count.move,count,implemented,allowed,allowed,unexposed,,source_reviewed,typed_contract_not_implemented,"{""index"":n,""group"":index?,""to"":[x,y]} | {""x"":px,""y"":px,""to"":[x,y]}",https://github.com/storytold/photocraft/blob/ad863217386440ca968fccc9bfff65ba24e61142/crates/engine/src/analysis_cmds.rs#L1171
engine,count.newGroup,count,implemented,allowed,allowed,unexposed,,source_reviewed,typed_contract_not_implemented,"{""name"":str?,""color"":""#rrggbb""|[r,g,b]?}",https://github.com/storytold/photocraft/blob/ad863217386440ca968fccc9bfff65ba24e61142/crates/engine/src/analysis_cmds.rs#L1173
engine,count.remove,count,implemented,allowed,allowed,unexposed,,source_reviewed,typed_contract_not_implemented,"{""index"":n,""group"":index?} | {""x"":px,""y"":px,""radius"":px=6}",https://github.com/storytold/photocraft/blob/ad863217386440ca968fccc9bfff65ba24e61142/crates/engine/src/analysis_cmds.rs#L1170
engine,count.setGroup,count,implemented,allowed,allowed,unexposed,,source_reviewed,typed_contract_not_implemented,"{""group"":index=active,""name"":str?,""color"":""#rrggbb""|[r,g,b]?,""markerSize"":1..10?,""labelSize"":8..72?,""visible"":bool?,""active"":bool?}",https://github.com/storytold/photocraft/blob/ad863217386440ca968fccc9bfff65ba24e61142/crates/engine/src/analysis_cmds.rs#L1176
engine,document.activate,document,implemented,allowed,allowed,unexposed,,source_reviewed,typed_contract_not_implemented,"{""document"":index}",https://github.com/storytold/photocraft/blob/ad863217386440ca968fccc9bfff65ba24e61142/crates/engine/src/commands.rs#L783
engine,document.inspect,document,implemented,allowed,allowed,unexposed,,source_reviewed,typed_contract_not_implemented,"{""document"":index?}",https://github.com/storytold/photocraft/blob/ad863217386440ca968fccc9bfff65ba24e61142/crates/engine/src/commands.rs#L769
engine,document.pixel,document,implemented,allowed,allowed,partial,document_sample_pixel,source_reviewed,reviewed_bounded_typed_subset,"{""x"":i32,""y"":i32}",https://github.com/storytold/photocraft/blob/ad863217386440ca968fccc9bfff65ba24e61142/crates/engine/src/commands.rs#L817
engine,edit.assignProfile,edit,implemented,conditional,conditional,unexposed,,source_reviewed,typed_contract_not_implemented,"{""profile"":""working|srgb|display-p3|adobe-rgb-compat|prophoto-compat|linear-srgb|rec2020|gray-gamma-2.2|sgray|lab-d50|coated-cmyk|none"" (or a path to an .icc file)}",https://github.com/storytold/photocraft/blob/ad863217386440ca968fccc9bfff65ba24e61142/crates/engine/src/color_cmds.rs#L936 | https://github.com/storytold/photocraft/blob/ad863217386440ca968fccc9bfff65ba24e61142/crates/automation/src/workspace.rs#L181
engine,edit.autoAlignLayers,edit,implemented,allowed,allowed,unexposed,,source_reviewed,typed_contract_not_implemented,"{""projection"":""auto|perspective|cylindrical|spherical|collage|reposition"",""reference"":layer id?=bottom selected layer,""geometricCorrection"":bool=false,""interpolation"":""bicubic|bilinear|nearest""}",https://github.com/storytold/photocraft/blob/ad863217386440ca968fccc9bfff65ba24e61142/crates/engine/src/align_cmds.rs#L226
engine,edit.autoBlendLayers,edit,implemented,allowed,allowed,unexposed,,source_reviewed,typed_contract_not_implemented,"{""method"":""panorama|stack"",""seamlessTones"":bool=true}",https://github.com/storytold/photocraft/blob/ad863217386440ca968fccc9bfff65ba24e61142/crates/engine/src/align_cmds.rs#L231
engine,edit.checkSpelling,edit,implemented,allowed,allowed,unexposed,,source_reviewed,typed_contract_not_implemented,"{""action"":""list|change|changeAll|addToDictionary|removeFromDictionary|suggest""=""list"",""allLayers"":bool=true,""layer"":id? (check one layer),""ignore"":[word]? (Ignore All for this check),""suggestions"":n=5; change: ""layer"",""start"",""end"" (chars),""word""? (verified),""replace""; changeAll: ""word"",""replace""; addToDictionary/removeFromDictionary/suggest: ""word""} → list: {""misspellings"":[{""layer"",""start"",""end"",""word"",""suggestions""}],""count""}",https://github.com/storytold/photocraft/blob/ad863217386440ca968fccc9bfff65ba24e61142/crates/engine/src/type_spell_cmds.rs#L237
engine,edit.clear,edit,implemented,allowed,allowed,unexposed,,source_reviewed,typed_contract_not_implemented,{},https://github.com/storytold/photocraft/blob/ad863217386440ca968fccc9bfff65ba24e61142/crates/engine/src/commands.rs#L285
engine,edit.colorSettings,edit,implemented,denied,denied,blocked,,source_reviewed,upstream_workspace_denied,"{""workingRgb"":""srgb|display-p3|adobe-rgb-compat|prophoto-compat|linear-srgb|rec2020"",""workingCmyk"":""coated-cmyk"",""workingGray"":""sgray|gray-gamma-2.2"",""policyRgb"":""preserve|convert|off"",""policyCmyk"":""preserve|convert|off"",""policyGray"":""preserve|convert|off"",""askOnMismatch"":bool=true,""askOnPaste"":bool=true,""askOnMissing"":bool=false,""intent"":""relative|perceptual|saturation|absolute"",""blendTextGamma"":1.0..2.2|bool=1.45,""bpc"":bool=true,""dither"":bool=true,""monitorProfile"":""auto|srgb|display-p3|adobe-rgb-compat|prophoto-compat|rec2020"",""reset"":bool=false} (working spaces and the monitor profile also accept .icc paths; monitor `auto` = the main display's profile when the platform provides it, else sRGB)",https://github.com/storytold/photocraft/blob/ad863217386440ca968fccc9bfff65ba24e61142/crates/engine/src/color_cmds.rs#L954 | https://github.com/storytold/photocraft/blob/ad863217386440ca968fccc9bfff65ba24e61142/crates/automation/src/workspace.rs#L140
engine,edit.contentAwareFill,edit,implemented,allowed,allowed,unexposed,,source_reviewed,typed_contract_not_implemented,"{""sampling"":""auto|rectangular|custom"",""margin"":px?,""area"":[x,y,w,h]?,""channel"":index|name?,""colorAdaptation"":""default|none|high|veryHigh"",""rotationAdaptation"":""none|low|medium|high|full"",""scale"":bool=false,""mirror"":bool=false,""output"":""current|new|duplicate"",""seed"":u64=1}",https://github.com/storytold/photocraft/blob/ad863217386440ca968fccc9bfff65ba24e61142/crates/engine/src/edit_menu_cmds.rs#L890
engine,edit.contentAwareScale,edit,implemented,allowed,allowed,unexposed,,source_reviewed,typed_contract_not_implemented,"{""width"":px?,""height"":px?,""scaleX"":1..400=100,""scaleY"":1..400=100,""amount"":0..100=100,""protect"":""none""|channel index|name,""protectSkinTones"":bool=false}",https://github.com/storytold/photocraft/blob/ad863217386440ca968fccc9bfff65ba24e61142/crates/engine/src/edit_menu_cmds.rs#L899
engine,edit.convertToProfile,edit,implemented,conditional,conditional,unexposed,,source_reviewed,typed_contract_not_implemented,"{""profile"":""srgb|display-p3|adobe-rgb-compat|prophoto-compat|linear-srgb|rec2020|gray-gamma-2.2|sgray|lab-d50|coated-cmyk|working"" (or a path to an .icc file),""intent"":""perceptual|relative|saturation|absolute""=""relative"",""bpc"":bool=true}",https://github.com/storytold/photocraft/blob/ad863217386440ca968fccc9bfff65ba24e61142/crates/engine/src/color_cmds.rs#L945 | https://github.com/storytold/photocraft/blob/ad863217386440ca968fccc9bfff65ba24e61142/crates/automation/src/workspace.rs#L181
engine,edit.copy,edit,implemented,allowed,allowed,partial,layer_import,source_reviewed,internal_layer_import_step_only,{},https://github.com/storytold/photocraft/blob/ad863217386440ca968fccc9bfff65ba24e61142/crates/engine/src/edit_cmds.rs#L402
engine,edit.copyMerged,edit,implemented,allowed,allowed,unexposed,,source_reviewed,typed_contract_not_implemented,{},https://github.com/storytold/photocraft/blob/ad863217386440ca968fccc9bfff65ba24e61142/crates/engine/src/edit_cmds.rs#L403
engine,edit.cut,edit,implemented,allowed,allowed,unexposed,,source_reviewed,typed_contract_not_implemented,{},https://github.com/storytold/photocraft/blob/ad863217386440ca968fccc9bfff65ba24e61142/crates/engine/src/edit_cmds.rs#L396
engine,edit.defineBrushPreset,edit,implemented,allowed,allowed,unexposed,,source_reviewed,typed_contract_not_implemented,"{""name"":text}",https://github.com/storytold/photocraft/blob/ad863217386440ca968fccc9bfff65ba24e61142/crates/engine/src/edit_menu_cmds.rs#L908
engine,edit.defineCustomShape,edit,implemented,allowed,allowed,unexposed,,source_reviewed,typed_contract_not_implemented,"{""name"":text,""path"":""work|<saved path name>""?}",https://github.com/storytold/photocraft/blob/ad863217386440ca968fccc9bfff65ba24e61142/crates/engine/src/edit_menu_cmds.rs#L917
engine,edit.definePattern,edit,implemented,allowed,allowed,unexposed,,source_reviewed,typed_contract_not_implemented,"{""name"":str?,""rect"":[x0,y0,x1,y1]? (default: selection bounds, else the canvas)} → {""pattern"":id} (added to the library; samples the visible composite)",https://github.com/storytold/photocraft/blob/ad863217386440ca968fccc9bfff65ba24e61142/crates/engine/src/pattern_cmds.rs#L396 | https://github.com/storytold/photocraft/blob/ad863217386440ca968fccc9bfff65ba24e61142/crates/engine/src/pattern_cmds.rs#L186 | https://github.com/storytold/photocraft/blob/ad863217386440ca968fccc9bfff65ba24e61142/crates/automation/src/workspace.rs#L131
engine,edit.fade,edit,implemented,allowed,allowed,unexposed,,source_reviewed,typed_contract_not_implemented,"{""opacity"":0..100=100,""mode"":""normal|multiply|screen|overlay|softLight|hardLight|darken|lighten|difference|color|luminosity""}",https://github.com/storytold/photocraft/blob/ad863217386440ca968fccc9bfff65ba24e61142/crates/engine/src/edit_menu_cmds.rs#L874
engine,edit.fill,edit,implemented,allowed,allowed,partial,selection_fill,source_reviewed,reviewed_bounded_typed_subset,"{""contents"":""color|pattern""=""color"",""color"":""#rrggbb|[r,g,b,a]""=foreground,""pattern"":id|name (contents=pattern),""scale"":%=100,""angle"":deg,""opacity"":%=100,""target"":""pixels""|{""channel"":i}|""quickMask""?}",https://github.com/storytold/photocraft/blob/ad863217386440ca968fccc9bfff65ba24e61142/crates/engine/src/commands.rs#L263
engine,edit.findAndReplaceText,edit,implemented,allowed,allowed,unexposed,,source_reviewed,typed_contract_not_implemented,"{""find"":text,""replace"":text,""action"":""changeAll|find|change|changeFind"",""caseSensitive"":bool=false,""wholeWord"":bool=false,""forward"":bool=true,""allLayers"":bool=true}",https://github.com/storytold/photocraft/blob/ad863217386440ca968fccc9bfff65ba24e61142/crates/engine/src/edit_menu_cmds.rs#L926
engine,edit.keyboardShortcuts,edit,implemented,conditional,allowed,unexposed,,source_reviewed,typed_contract_not_implemented,"{""set"":{""<command id>"":""Cmd+Shift+X""|""""(remove)|null(default)}?,""reset"":true|[""<id>"",…]?,""removeConflicts"":bool=true,""filter"":str?,""list"":bool=false}",https://github.com/storytold/photocraft/blob/ad863217386440ca968fccc9bfff65ba24e61142/crates/engine/src/prefs.rs#L1414 | https://github.com/storytold/photocraft/blob/ad863217386440ca968fccc9bfff65ba24e61142/crates/engine/src/prefs.rs#L1253 | https://github.com/storytold/photocraft/blob/ad863217386440ca968fccc9bfff65ba24e61142/crates/automation/src/workspace.rs#L131
engine,edit.menus,edit,implemented,conditional,allowed,unexposed,,source_reviewed,typed_contract_not_implemented,"{""hide"":[""<id>"",…]?,""show"":[""<id>"",…]?,""color"":{""<id>"":""red|orange|yellow|green|blue|violet|gray|none""}?,""reset"":bool=false}",https://github.com/storytold/photocraft/blob/ad863217386440ca968fccc9bfff65ba24e61142/crates/engine/src/prefs.rs#L1423 | https://github.com/storytold/photocraft/blob/ad863217386440ca968fccc9bfff65ba24e61142/crates/engine/src/prefs.rs#L1301 | https://github.com/storytold/photocraft/blob/ad863217386440ca968fccc9bfff65ba24e61142/crates/automation/src/workspace.rs#L131
engine,edit.paste,edit,implemented,allowed,allowed,partial,layer_import,source_reviewed,internal_layer_import_step_only,"{""center"":[x,y]? (view centre; default keeps the position when it overlaps the canvas)}",https://github.com/storytold/photocraft/blob/ad863217386440ca968fccc9bfff65ba24e61142/crates/engine/src/edit_cmds.rs#L405
engine,edit.pasteSpecial.pasteInPlace,edit,implemented,allowed,allowed,unexposed,,source_reviewed,typed_contract_not_implemented,{},https://github.com/storytold/photocraft/blob/ad863217386440ca968fccc9bfff65ba24e61142/crates/engine/src/edit_cmds.rs#L413
engine,edit.pasteSpecial.pasteInto,edit,implemented,allowed,allowed,unexposed,,source_reviewed,typed_contract_not_implemented,"{""center"":[x,y]?}",https://github.com/storytold/photocraft/blob/ad863217386440ca968fccc9bfff65ba24e61142/crates/engine/src/extra_cmds.rs#L561
engine,edit.pasteSpecial.pasteOutside,edit,implemented,allowed,allowed,unexposed,,source_reviewed,typed_contract_not_implemented,"{""center"":[x,y]?}",https://github.com/storytold/photocraft/blob/ad863217386440ca968fccc9bfff65ba24e61142/crates/engine/src/extra_cmds.rs#L569
engine,edit.perspectiveWarp,edit,implemented,conditional,allowed,unexposed,,source_reviewed,typed_contract_not_implemented,"{""planes"":[{""src"":[[x,y]×4],""dst"":[[x,y]×4]}…] (corners clockwise from top-left; corners that coincide in src are linked),""straighten"":""horizontal|vertical|auto""?,""interpolation"":""bicubic|bilinear|nearest"",""layer"":id?}",https://github.com/storytold/photocraft/blob/ad863217386440ca968fccc9bfff65ba24e61142/crates/engine/src/distort_cmds.rs#L30 | https://github.com/storytold/photocraft/blob/ad863217386440ca968fccc9bfff65ba24e61142/crates/engine/src/smart_cmds.rs#L69
engine,edit.preferences.cursors,edit,implemented,allowed,allowed,unexposed,,source_reviewed,typed_contract_not_implemented,{},https://github.com/storytold/photocraft/blob/ad863217386440ca968fccc9bfff65ba24e61142/crates/engine/src/prefs.rs#L1404 | https://github.com/storytold/photocraft/blob/ad863217386440ca968fccc9bfff65ba24e61142/crates/engine/src/prefs.rs#L1245 | https://github.com/storytold/photocraft/blob/ad863217386440ca968fccc9bfff65ba24e61142/crates/automation/src/workspace.rs#L131
engine,edit.preferences.enhancedControls,edit,implemented,allowed,allowed,unexposed,,source_reviewed,typed_contract_not_implemented,{},https://github.com/storytold/photocraft/blob/ad863217386440ca968fccc9bfff65ba24e61142/crates/engine/src/prefs.rs#L1410 | https://github.com/storytold/photocraft/blob/ad863217386440ca968fccc9bfff65ba24e61142/crates/engine/src/prefs.rs#L1245 | https://github.com/storytold/photocraft/blob/ad863217386440ca968fccc9bfff65ba24e61142/crates/automation/src/workspace.rs#L131
engine,edit.preferences.export,edit,implemented,allowed,allowed,unexposed,,source_reviewed,typed_contract_not_implemented,{},https://github.com/storytold/photocraft/blob/ad863217386440ca968fccc9bfff65ba24e61142/crates/engine/src/prefs.rs#L1401 | https://github.com/storytold/photocraft/blob/ad863217386440ca968fccc9bfff65ba24e61142/crates/engine/src/prefs.rs#L1245 | https://github.com/storytold/photocraft/blob/ad863217386440ca968fccc9bfff65ba24e61142/crates/automation/src/workspace.rs#L131
engine,edit.preferences.fileHandling,edit,implemented,allowed,allowed,unexposed,,source_reviewed,typed_contract_not_implemented,{},https://github.com/storytold/photocraft/blob/ad863217386440ca968fccc9bfff65ba24e61142/crates/engine/src/prefs.rs#L1400 | https://github.com/storytold/photocraft/blob/ad863217386440ca968fccc9bfff65ba24e61142/crates/engine/src/prefs.rs#L1245 | https://github.com/storytold/photocraft/blob/ad863217386440ca968fccc9bfff65ba24e61142/crates/automation/src/workspace.rs#L131
engine,edit.preferences.general,edit,implemented,allowed,allowed,unexposed,,source_reviewed,typed_contract_not_implemented,{},https://github.com/storytold/photocraft/blob/ad863217386440ca968fccc9bfff65ba24e61142/crates/engine/src/prefs.rs#L1395 | https://github.com/storytold/photocraft/blob/ad863217386440ca968fccc9bfff65ba24e61142/crates/engine/src/prefs.rs#L1245 | https://github.com/storytold/photocraft/blob/ad863217386440ca968fccc9bfff65ba24e61142/crates/automation/src/workspace.rs#L131
engine,edit.preferences.guidesGridAndSlices,edit,implemented,allowed,allowed,unexposed,,source_reviewed,typed_contract_not_implemented,{},https://github.com/storytold/photocraft/blob/ad863217386440ca968fccc9bfff65ba24e61142/crates/engine/src/prefs.rs#L1407 | https://github.com/storytold/photocraft/blob/ad863217386440ca968fccc9bfff65ba24e61142/crates/engine/src/prefs.rs#L1245 | https://github.com/storytold/photocraft/blob/ad863217386440ca968fccc9bfff65ba24e61142/crates/automation/src/workspace.rs#L131
engine,edit.preferences.historyLog,edit,implemented,allowed,allowed,unexposed,,source_reviewed,typed_contract_not_implemented,{},https://github.com/storytold/photocraft/blob/ad863217386440ca968fccc9bfff65ba24e61142/crates/engine/src/prefs.rs#L1399 | https://github.com/storytold/photocraft/blob/ad863217386440ca968fccc9bfff65ba24e61142/crates/engine/src/prefs.rs#L1245 | https://github.com/storytold/photocraft/blob/ad863217386440ca968fccc9bfff65ba24e61142/crates/automation/src/workspace.rs#L131
engine,edit.preferences.integrations,edit,implemented,allowed,allowed,unexposed,,source_reviewed,typed_contract_not_implemented,{},https://github.com/storytold/photocraft/blob/ad863217386440ca968fccc9bfff65ba24e61142/crates/engine/src/prefs.rs#L1412 | https://github.com/storytold/photocraft/blob/ad863217386440ca968fccc9bfff65ba24e61142/crates/engine/src/prefs.rs#L1245 | https://github.com/storytold/photocraft/blob/ad863217386440ca968fccc9bfff65ba24e61142/crates/automation/src/workspace.rs#L131
engine,edit.preferences.interface,edit,implemented,allowed,allowed,unexposed,,source_reviewed,typed_contract_not_implemented,{},https://github.com/storytold/photocraft/blob/ad863217386440ca968fccc9bfff65ba24e61142/crates/engine/src/prefs.rs#L1396 | https://github.com/storytold/photocraft/blob/ad863217386440ca968fccc9bfff65ba24e61142/crates/engine/src/prefs.rs#L1245 | https://github.com/storytold/photocraft/blob/ad863217386440ca968fccc9bfff65ba24e61142/crates/automation/src/workspace.rs#L131
engine,edit.preferences.performance,edit,implemented,allowed,allowed,unexposed,,source_reviewed,typed_contract_not_implemented,{},https://github.com/storytold/photocraft/blob/ad863217386440ca968fccc9bfff65ba24e61142/crates/engine/src/prefs.rs#L1402 | https://github.com/storytold/photocraft/blob/ad863217386440ca968fccc9bfff65ba24e61142/crates/engine/src/prefs.rs#L1245 | https://github.com/storytold/photocraft/blob/ad863217386440ca968fccc9bfff65ba24e61142/crates/automation/src/workspace.rs#L131
engine,edit.preferences.plugIns,edit,implemented,allowed,allowed,unexposed,,source_reviewed,typed_contract_not_implemented,{},https://github.com/storytold/photocraft/blob/ad863217386440ca968fccc9bfff65ba24e61142/crates/engine/src/prefs.rs#L1408 | https://github.com/storytold/photocraft/blob/ad863217386440ca968fccc9bfff65ba24e61142/crates/engine/src/prefs.rs#L1245 | https://github.com/storytold/photocraft/blob/ad863217386440ca968fccc9bfff65ba24e61142/crates/automation/src/workspace.rs#L131
engine,edit.preferences.rawDefaults,edit,implemented,allowed,allowed,unexposed,,source_reviewed,typed_contract_not_implemented,{},https://github.com/storytold/photocraft/blob/ad863217386440ca968fccc9bfff65ba24e61142/crates/engine/src/prefs.rs#L1411 | https://github.com/storytold/photocraft/blob/ad863217386440ca968fccc9bfff65ba24e61142/crates/engine/src/prefs.rs#L1245 | https://github.com/storytold/photocraft/blob/ad863217386440ca968fccc9bfff65ba24e61142/crates/automation/src/workspace.rs#L131
engine,edit.preferences.scratchDisks,edit,implemented,allowed,allowed,unexposed,,source_reviewed,typed_contract_not_implemented,{},https://github.com/storytold/photocraft/blob/ad863217386440ca968fccc9bfff65ba24e61142/crates/engine/src/prefs.rs#L1403 | https://github.com/storytold/photocraft/blob/ad863217386440ca968fccc9bfff65ba24e61142/crates/engine/src/prefs.rs#L1245 | https://github.com/storytold/photocraft/blob/ad863217386440ca968fccc9bfff65ba24e61142/crates/automation/src/workspace.rs#L131
engine,edit.preferences.tools,edit,implemented,allowed,allowed,unexposed,,source_reviewed,typed_contract_not_implemented,{},https://github.com/storytold/photocraft/blob/ad863217386440ca968fccc9bfff65ba24e61142/crates/engine/src/prefs.rs#L1398 | https://github.com/storytold/photocraft/blob/ad863217386440ca968fccc9bfff65ba24e61142/crates/engine/src/prefs.rs#L1245 | https://github.com/storytold/photocraft/blob/ad863217386440ca968fccc9bfff65ba24e61142/crates/automation/src/workspace.rs#L131
engine,edit.preferences.transparencyAndGamut,edit,implemented,allowed,allowed,unexposed,,source_reviewed,typed_contract_not_implemented,{},https://github.com/storytold/photocraft/blob/ad863217386440ca968fccc9bfff65ba24e61142/crates/engine/src/prefs.rs#L1405 | https://github.com/storytold/photocraft/blob/ad863217386440ca968fccc9bfff65ba24e61142/crates/engine/src/prefs.rs#L1245 | https://github.com/storytold/photocraft/blob/ad863217386440ca968fccc9bfff65ba24e61142/crates/automation/src/workspace.rs#L131
engine,edit.preferences.type,edit,implemented,allowed,allowed,unexposed,,source_reviewed,typed_contract_not_implemented,{},https://github.com/storytold/photocraft/blob/ad863217386440ca968fccc9bfff65ba24e61142/crates/engine/src/prefs.rs#L1409 | https://github.com/storytold/photocraft/blob/ad863217386440ca968fccc9bfff65ba24e61142/crates/engine/src/prefs.rs#L1245 | https://github.com/storytold/photocraft/blob/ad863217386440ca968fccc9bfff65ba24e61142/crates/automation/src/workspace.rs#L131
engine,edit.preferences.unitsAndRulers,edit,implemented,allowed,allowed,unexposed,,source_reviewed,typed_contract_not_implemented,{},https://github.com/storytold/photocraft/blob/ad863217386440ca968fccc9bfff65ba24e61142/crates/engine/src/prefs.rs#L1406 | https://github.com/storytold/photocraft/blob/ad863217386440ca968fccc9bfff65ba24e61142/crates/engine/src/prefs.rs#L1245 | https://github.com/storytold/photocraft/blob/ad863217386440ca968fccc9bfff65ba24e61142/crates/automation/src/workspace.rs#L131
engine,edit.preferences.workspace,edit,implemented,allowed,allowed,unexposed,,source_reviewed,typed_contract_not_implemented,{},https://github.com/storytold/photocraft/blob/ad863217386440ca968fccc9bfff65ba24e61142/crates/engine/src/prefs.rs#L1397 | https://github.com/storytold/photocraft/blob/ad863217386440ca968fccc9bfff65ba24e61142/crates/engine/src/prefs.rs#L1245 | https://github.com/storytold/photocraft/blob/ad863217386440ca968fccc9bfff65ba24e61142/crates/automation/src/workspace.rs#L131
engine,edit.presets.exportImportPresets,edit,implemented,allowed,allowed,unexposed,,source_reviewed,typed_contract_not_implemented,"{""action"":""export|import"",""kinds"":[""brushes"",""customShapes""]?,""data"":json (import),""includeBuiltins"":bool=false}",https://github.com/storytold/photocraft/blob/ad863217386440ca968fccc9bfff65ba24e61142/crates/engine/src/edit_menu_cmds.rs#L944
engine,edit.presets.migratePresets,edit,implemented,denied,denied,blocked,,source_reviewed,upstream_workspace_denied,"{path} → {migrated, added:{gradients,styles,shapes,patternGroups,toolPresets}}: merge a presets/preferences file into the library (appends groups by name)",https://github.com/storytold/photocraft/blob/ad863217386440ca968fccc9bfff65ba24e61142/crates/engine/src/migrate_cmds.rs#L69 | https://github.com/storytold/photocraft/blob/ad863217386440ca968fccc9bfff65ba24e61142/crates/automation/src/workspace.rs#L140
engine,edit.presets.presetManager,edit,implemented,allowed,allowed,unexposed,,source_reviewed,typed_contract_not_implemented,"{""action"":""list|rename|delete|move"",""kind"":""brushes|customShapes|patterns"",""index"":n?,""name"":str?,""newName"":str?,""to"":n?}",https://github.com/storytold/photocraft/blob/ad863217386440ca968fccc9bfff65ba24e61142/crates/engine/src/edit_menu_cmds.rs#L935
engine,edit.profileInfo,edit,implemented,conditional,conditional,unexposed,,source_reviewed,typed_contract_not_implemented,"{""profile"":""<builtin id>|document|/path/to/profile.icc""=document}",https://github.com/storytold/photocraft/blob/ad863217386440ca968fccc9bfff65ba24e61142/crates/engine/src/color_cmds.rs#L972 | https://github.com/storytold/photocraft/blob/ad863217386440ca968fccc9bfff65ba24e61142/crates/automation/src/workspace.rs#L181
engine,edit.puppetWarp,edit,implemented,conditional,allowed,unexposed,,source_reviewed,typed_contract_not_implemented,"{""pins"":[{""src"":[x,y],""dst"":[x,y],""rotate"":deg?,""depth"":n?}…],""mode"":""rigid|normal|distort""=""normal"",""density"":""fewer|normal|more""=""normal"",""expansion"":px=2,""interpolation"":""bicubic|bilinear|nearest"",""layer"":id?} — mesh over the opaque region, as-rigid-as-possible; on a smart object it becomes a smart filter",https://github.com/storytold/photocraft/blob/ad863217386440ca968fccc9bfff65ba24e61142/crates/engine/src/distort_cmds.rs#L28 | https://github.com/storytold/photocraft/blob/ad863217386440ca968fccc9bfff65ba24e61142/crates/engine/src/smart_cmds.rs#L69
engine,edit.purge.all,edit,implemented,allowed,allowed,unexposed,,source_reviewed,typed_contract_not_implemented,{},https://github.com/storytold/photocraft/blob/ad863217386440ca968fccc9bfff65ba24e61142/crates/engine/src/edit_menu_cmds.rs#L888
engine,edit.purge.clipboard,edit,implemented,allowed,allowed,partial,layer_import,source_reviewed,internal_layer_import_step_only,{},https://github.com/storytold/photocraft/blob/ad863217386440ca968fccc9bfff65ba24e61142/crates/engine/src/edit_menu_cmds.rs#L883
engine,edit.purge.histories,edit,implemented,allowed,allowed,unexposed,,source_reviewed,typed_contract_not_implemented,{},https://github.com/storytold/photocraft/blob/ad863217386440ca968fccc9bfff65ba24e61142/crates/engine/src/edit_menu_cmds.rs#L884
engine,edit.purge.undo,edit,implemented,allowed,allowed,unexposed,,source_reviewed,typed_contract_not_implemented,{},https://github.com/storytold/photocraft/blob/ad863217386440ca968fccc9bfff65ba24e61142/crates/engine/src/edit_menu_cmds.rs#L882
engine,edit.purge.videoCache,edit,registered,allowed,allowed,blocked,,source_reviewed,upstream_placeholder_no_effect,{},https://github.com/storytold/photocraft/blob/ad863217386440ca968fccc9bfff65ba24e61142/crates/engine/src/edit_menu_cmds.rs#L885
engine,edit.redo,edit,implemented,allowed,allowed,unexposed,,source_reviewed,typed_contract_not_implemented,{},https://github.com/storytold/photocraft/blob/ad863217386440ca968fccc9bfff65ba24e61142/crates/engine/src/commands.rs#L261
engine,edit.stroke,edit,implemented,allowed,allowed,unexposed,,source_reviewed,typed_contract_not_implemented,"{""width"":1..250=1,""color"":""#rrggbb|[r,g,b,a]""=foreground,""location"":""inside|center|outside""=""center"",""opacity"":0..100=100}",https://github.com/storytold/photocraft/blob/ad863217386440ca968fccc9bfff65ba24e61142/crates/engine/src/extra_cmds.rs#L544
engine,edit.toggleLastState,edit,implemented,allowed,allowed,unexposed,,source_reviewed,typed_contract_not_implemented,{},https://github.com/storytold/photocraft/blob/ad863217386440ca968fccc9bfff65ba24e61142/crates/engine/src/edit_cmds.rs#L420
engine,edit.toolbar,edit,implemented,conditional,allowed,unexposed,,source_reviewed,typed_contract_not_implemented,"{""hidden"":[""<tool>"",…]?,""order"":[""<tool>"",…]?,""reset"":bool=false}",https://github.com/storytold/photocraft/blob/ad863217386440ca968fccc9bfff65ba24e61142/crates/engine/src/prefs.rs#L1431 | https://github.com/storytold/photocraft/blob/ad863217386440ca968fccc9bfff65ba24e61142/crates/engine/src/prefs.rs#L1341 | https://github.com/storytold/photocraft/blob/ad863217386440ca968fccc9bfff65ba24e61142/crates/automation/src/workspace.rs#L131
engine,edit.transform,edit,implemented,conditional,allowed,partial,layer_transform,source_reviewed,reviewed_bounded_typed_subset,"{""layer"":id?,""rect"":[x0,y0,x1,y1]? (source frame; default = layer content ∩ selection),""quad"":[[x,y]×4]? (where the frame's corners go, clockwise from top-left),""matrix"":[a,b,c,d,e,f]? (affine alternative),""interpolation"":""bicubic|bilinear|nearest""=""bicubic""}",https://github.com/storytold/photocraft/blob/ad863217386440ca968fccc9bfff65ba24e61142/crates/engine/src/transform_cmds.rs#L277 | https://github.com/storytold/photocraft/blob/ad863217386440ca968fccc9bfff65ba24e61142/crates/engine/src/smart_cmds.rs#L69
engine,edit.transform.again,edit,implemented,allowed,allowed,unexposed,,source_reviewed,typed_contract_not_implemented,{},https://github.com/storytold/photocraft/blob/ad863217386440ca968fccc9bfff65ba24e61142/crates/engine/src/edit_cmds.rs#L421
engine,edit.transform.flipHorizontal,edit,implemented,allowed,allowed,unexposed,,source_reviewed,typed_contract_not_implemented,{},https://github.com/storytold/photocraft/blob/ad863217386440ca968fccc9bfff65ba24e61142/crates/engine/src/extra_cmds.rs#L558
engine,edit.transform.flipVertical,edit,implemented,allowed,allowed,unexposed,,source_reviewed,typed_contract_not_implemented,{},https://github.com/storytold/photocraft/blob/ad863217386440ca968fccc9bfff65ba24e61142/crates/engine/src/extra_cmds.rs#L559
engine,edit.transform.removeWarpSplit,edit,implemented,allowed,allowed,unexposed,,source_reviewed,typed_contract_not_implemented,"{""warp"":{…}? (the warp being edited; returned split),""rect"":[x0,y0,x1,y1]?,""at"":[x,y]? (document point; default = middle of the patch)} — without `warp`, edits the active smart object's warp",https://github.com/storytold/photocraft/blob/ad863217386440ca968fccc9bfff65ba24e61142/crates/engine/src/warp_cmds.rs#L368
engine,edit.transform.rotate180,edit,implemented,allowed,allowed,unexposed,,source_reviewed,typed_contract_not_implemented,{},https://github.com/storytold/photocraft/blob/ad863217386440ca968fccc9bfff65ba24e61142/crates/engine/src/extra_cmds.rs#L552
engine,edit.transform.rotate90Ccw,edit,implemented,allowed,allowed,unexposed,,source_reviewed,typed_contract_not_implemented,{},https://github.com/storytold/photocraft/blob/ad863217386440ca968fccc9bfff65ba24e61142/crates/engine/src/extra_cmds.rs#L554
engine,edit.transform.rotate90Cw,edit,implemented,allowed,allowed,unexposed,,source_reviewed,typed_contract_not_implemented,{},https://github.com/storytold/photocraft/blob/ad863217386440ca968fccc9bfff65ba24e61142/crates/engine/src/extra_cmds.rs#L553
engine,edit.transform.splitWarpCrosswise,edit,implemented,allowed,allowed,unexposed,,source_reviewed,typed_contract_not_implemented,"{""warp"":{…}? (the warp being edited; returned split),""rect"":[x0,y0,x1,y1]?,""at"":[x,y]? (document point; default = middle of the patch)} — without `warp`, edits the active smart object's warp",https://github.com/storytold/photocraft/blob/ad863217386440ca968fccc9bfff65ba24e61142/crates/engine/src/warp_cmds.rs#L338
engine,edit.transform.splitWarpHorizontally,edit,implemented,allowed,allowed,unexposed,,source_reviewed,typed_contract_not_implemented,"{""warp"":{…}? (the warp being edited; returned split),""rect"":[x0,y0,x1,y1]?,""at"":[x,y]? (document point; default = middle of the patch)} — without `warp`, edits the active smart object's warp",https://github.com/storytold/photocraft/blob/ad863217386440ca968fccc9bfff65ba24e61142/crates/engine/src/warp_cmds.rs#L348
engine,edit.transform.splitWarpVertically,edit,implemented,allowed,allowed,unexposed,,source_reviewed,typed_contract_not_implemented,"{""warp"":{…}? (the warp being edited; returned split),""rect"":[x0,y0,x1,y1]?,""at"":[x,y]? (document point; default = middle of the patch)} — without `warp`, edits the active smart object's warp",https://github.com/storytold/photocraft/blob/ad863217386440ca968fccc9bfff65ba24e61142/crates/engine/src/warp_cmds.rs#L358
engine,edit.transform.warp,edit,implemented,conditional,allowed,unexposed,,source_reviewed,typed_contract_not_implemented,"{""layer"":id?,""rect"":[x0,y0,x1,y1]? (warp box; default = layer content ∩ selection),""style"":""custom|none|arc|arcLower|arcUpper|arch|bulge|shellLower|shellUpper|flag|wave|fish|rise|fisheye|inflate|squeeze|twist"",""bend"":%=50,""hDistort"":%,""vDistort"":%,""vertical"":bool,""mesh"":{""us"":[0,…,1],""vs"":[0,…,1],""points"":[[x,y]…]} ((3c+1)×(3r+1) control points, row-major, document px),""grid"":[cols,rows]?,""warp"":{full warp object}?,""interpolation"":""bicubic|bilinear|nearest""}",https://github.com/storytold/photocraft/blob/ad863217386440ca968fccc9bfff65ba24e61142/crates/engine/src/warp_cmds.rs#L318 | https://github.com/storytold/photocraft/blob/ad863217386440ca968fccc9bfff65ba24e61142/crates/engine/src/smart_cmds.rs#L69
engine,edit.undo,edit,implemented,allowed,allowed,partial,undo,source_reviewed,reviewed_bounded_typed_subset,{},https://github.com/storytold/photocraft/blob/ad863217386440ca968fccc9bfff65ba24e61142/crates/engine/src/commands.rs#L260
engine,file.automate.batch,file,implemented,denied,denied,blocked,,source_reviewed,upstream_workspace_denied,"{""steps"":[[commandId,params]|{""command"":id,""params"":{}}…] (a recorded action),""input"":folder|[paths],""output"":folder,""format"":""same|png|jpg|psd|tiff|…""=""same"",""quality"":0..12?} → {files, errors}",https://github.com/storytold/photocraft/blob/ad863217386440ca968fccc9bfff65ba24e61142/crates/engine/src/file_cmds.rs#L1071 | https://github.com/storytold/photocraft/blob/ad863217386440ca968fccc9bfff65ba24e61142/crates/engine/src/file_cmds.rs#L634 | https://github.com/storytold/photocraft/blob/ad863217386440ca968fccc9bfff65ba24e61142/crates/automation/src/workspace.rs#L131 | https://github.com/storytold/photocraft/blob/ad863217386440ca968fccc9bfff65ba24e61142/crates/automation/src/workspace.rs#L140
engine,file.automate.conditionalModeChange,file,implemented,conditional,allowed,unexposed,,source_reviewed,typed_contract_not_implemented,"{""from"":[""rgb"",""grayscale"",""cmyk"",""lab"",""indexed"",""bitmap"",…]|""any""=""any"",""to"":""rgb|grayscale|cmyk|lab""}",https://github.com/storytold/photocraft/blob/ad863217386440ca968fccc9bfff65ba24e61142/crates/engine/src/file_cmds.rs#L1062 | https://github.com/storytold/photocraft/blob/ad863217386440ca968fccc9bfff65ba24e61142/crates/engine/src/file_cmds.rs#L544 | https://github.com/storytold/photocraft/blob/ad863217386440ca968fccc9bfff65ba24e61142/crates/automation/src/workspace.rs#L131
engine,file.automate.contactSheetII,file,implemented,denied,denied,blocked,,source_reviewed,upstream_workspace_denied,"{""input"":folder|[paths],""units"":""inches|cm|mm|pixels""=""inches"",""width"":8,""height"":10,""resolution"":ppi=300,""mode"":""rgb|gray|cmyk|lab""=""rgb"",""depth"":8|16=8,""columns"":5,""rows"":6,""placeAcrossFirst"":bool=true,""autoSpacing"":bool=true,""horizontal"":units?,""vertical"":units?,""rotateForBestFit"":bool=false,""caption"":bool=true (file name as caption),""font"":family?,""fontSize"":pt=12,""flatten"":bool=false} → {documents, pages, images}",https://github.com/storytold/photocraft/blob/ad863217386440ca968fccc9bfff65ba24e61142/crates/engine/src/automate_cmds.rs#L518 | https://github.com/storytold/photocraft/blob/ad863217386440ca968fccc9bfff65ba24e61142/crates/engine/src/automate_cmds.rs#L403 | https://github.com/storytold/photocraft/blob/ad863217386440ca968fccc9bfff65ba24e61142/crates/automation/src/workspace.rs#L131 | https://github.com/storytold/photocraft/blob/ad863217386440ca968fccc9bfff65ba24e61142/crates/automation/src/workspace.rs#L140
engine,file.automate.createDroplet,file,implemented,denied,denied,blocked,,source_reviewed,upstream_workspace_denied,"{""path"":str (.pcdroplet),""steps"":[[id,params]…] (the action),""name"":str?,""output"":folder?,""format"":""same|png|jpg|…""?,""quality"":0..12?,""shim"":bool=true on macOS/Linux (writes <name>.command calling `photocraft-cli droplet`)} → {path, shim}",https://github.com/storytold/photocraft/blob/ad863217386440ca968fccc9bfff65ba24e61142/crates/engine/src/automate_cmds.rs#L526 | https://github.com/storytold/photocraft/blob/ad863217386440ca968fccc9bfff65ba24e61142/crates/engine/src/automate_cmds.rs#L276 | https://github.com/storytold/photocraft/blob/ad863217386440ca968fccc9bfff65ba24e61142/crates/automation/src/workspace.rs#L131 | https://github.com/storytold/photocraft/blob/ad863217386440ca968fccc9bfff65ba24e61142/crates/automation/src/workspace.rs#L140
engine,file.automate.cropAndStraightenPhotos,file,implemented,denied,denied,blocked,,source_reviewed,upstream_workspace_denied,{} → one new document per photo found on the scan,https://github.com/storytold/photocraft/blob/ad863217386440ca968fccc9bfff65ba24e61142/crates/engine/src/photo_cmds.rs#L787 | https://github.com/storytold/photocraft/blob/ad863217386440ca968fccc9bfff65ba24e61142/crates/automation/src/workspace.rs#L140
engine,file.automate.fitImage,file,implemented,allowed,allowed,unexposed,,source_reviewed,typed_contract_not_implemented,"{""width"":px,""height"":px,""dontEnlarge"":bool=false,""resample"":""bicubic|bilinear|nearest|lanczos|preserveDetails""=""bicubic""}",https://github.com/storytold/photocraft/blob/ad863217386440ca968fccc9bfff65ba24e61142/crates/engine/src/file_cmds.rs#L1053 | https://github.com/storytold/photocraft/blob/ad863217386440ca968fccc9bfff65ba24e61142/crates/engine/src/file_cmds.rs#L516 | https://github.com/storytold/photocraft/blob/ad863217386440ca968fccc9bfff65ba24e61142/crates/automation/src/workspace.rs#L131
engine,file.automate.lensCorrection,file,implemented,denied,denied,blocked,,source_reviewed,upstream_workspace_denied,"{""input"":folder|[files],""output"":folder,""format"":""same|jpg|png|tif|psd"",""quality"":0..12?, …Filter › Lens Correction params (""profile"" defaults to ""auto"")}",https://github.com/storytold/photocraft/blob/ad863217386440ca968fccc9bfff65ba24e61142/crates/engine/src/lens_cmds.rs#L27 | https://github.com/storytold/photocraft/blob/ad863217386440ca968fccc9bfff65ba24e61142/crates/automation/src/workspace.rs#L140
engine,file.automate.mergeToHdrPro,file,implemented,denied,denied,blocked,,source_reviewed,upstream_workspace_denied,"{""paths"":[str]|folder,""useOpenDocuments"":bool=false,""exposures"":[ev]? (default EXIF, else estimated),""align"":bool=true,""removeGhosts"":bool=false,""ghostBase"":int?,""mode"":""32|16|8"",""method"":""localAdaptation|exposureGamma|highlightCompression|equalizeHistogram"",""radius"":1..500=7,""strength"":0.1..4=0.52,""gamma"":0.1..2=1,""exposure"":-5..5=0,""detail"":-100..300=30,""shadow"":-100..100=0,""highlight"":-100..100=0,""vibrance"":-100..100=0,""saturation"":-100..100=20} → new document (32-bit linear, or tone-mapped 16/8-bit)",https://github.com/storytold/photocraft/blob/ad863217386440ca968fccc9bfff65ba24e61142/crates/engine/src/photo_cmds.rs#L777 | https://github.com/storytold/photocraft/blob/ad863217386440ca968fccc9bfff65ba24e61142/crates/automation/src/workspace.rs#L140
engine,file.automate.photomerge,file,implemented,denied,denied,blocked,,source_reviewed,upstream_workspace_denied,"{""paths"":[str]|folder,""useOpenDocuments"":bool=false,""layout"":""auto|perspective|cylindrical|spherical|collage|reposition"",""blend"":bool=true,""vignetteRemoval"":bool=false,""geometricCorrection"":bool=false,""contentAwareFill"":bool=false,""focalLength"":mm=0 (35 mm equivalent; 0 = EXIF or estimated)} → new document, one masked layer per image",https://github.com/storytold/photocraft/blob/ad863217386440ca968fccc9bfff65ba24e61142/crates/engine/src/photo_cmds.rs#L767 | https://github.com/storytold/photocraft/blob/ad863217386440ca968fccc9bfff65ba24e61142/crates/automation/src/workspace.rs#L140
engine,file.automate.runDroplet,file,implemented,denied,denied,blocked,,source_reviewed,upstream_workspace_denied,"{""droplet"":path,""input"":[files or folders],""output"":folder? (default: droplet's, else <input folder>/droplet-output)} → {files, errors}",https://github.com/storytold/photocraft/blob/ad863217386440ca968fccc9bfff65ba24e61142/crates/engine/src/automate_cmds.rs#L534 | https://github.com/storytold/photocraft/blob/ad863217386440ca968fccc9bfff65ba24e61142/crates/engine/src/automate_cmds.rs#L324 | https://github.com/storytold/photocraft/blob/ad863217386440ca968fccc9bfff65ba24e61142/crates/automation/src/workspace.rs#L131 | https://github.com/storytold/photocraft/blob/ad863217386440ca968fccc9bfff65ba24e61142/crates/automation/src/workspace.rs#L140
engine,file.close,file,implemented,allowed,allowed,unexposed,,source_reviewed,typed_contract_not_implemented,"{""document"":index?}",https://github.com/storytold/photocraft/blob/ad863217386440ca968fccc9bfff65ba24e61142/crates/engine/src/commands.rs#L254
engine,file.closeAll,file,implemented,allowed,allowed,unexposed,,source_reviewed,typed_contract_not_implemented,{},https://github.com/storytold/photocraft/blob/ad863217386440ca968fccc9bfff65ba24e61142/crates/engine/src/file_cmds.rs#L1002 | https://github.com/storytold/photocraft/blob/ad863217386440ca968fccc9bfff65ba24e61142/crates/engine/src/file_cmds.rs#L207 | https://github.com/storytold/photocraft/blob/ad863217386440ca968fccc9bfff65ba24e61142/crates/automation/src/workspace.rs#L131
engine,file.closeOthers,file,implemented,allowed,allowed,unexposed,,source_reviewed,typed_contract_not_implemented,"{""document"":index? (the one to keep; default active)}",https://github.com/storytold/photocraft/blob/ad863217386440ca968fccc9bfff65ba24e61142/crates/engine/src/file_cmds.rs#L1004 | https://github.com/storytold/photocraft/blob/ad863217386440ca968fccc9bfff65ba24e61142/crates/engine/src/file_cmds.rs#L215 | https://github.com/storytold/photocraft/blob/ad863217386440ca968fccc9bfff65ba24e61142/crates/automation/src/workspace.rs#L131
engine,file.export.artboardsToFiles,file,implemented,denied,denied,blocked,,source_reviewed,upstream_workspace_denied,"{""dir"":folder,""format"":""png|jpg|psd|tiff|…""=""png"",""prefix"":str=document name ("""" = none),""artboards"":[id]? (default all),""quality"":0..12?} → {files}",https://github.com/storytold/photocraft/blob/ad863217386440ca968fccc9bfff65ba24e61142/crates/engine/src/artboard_cmds.rs#L480 | https://github.com/storytold/photocraft/blob/ad863217386440ca968fccc9bfff65ba24e61142/crates/automation/src/workspace.rs#L140
engine,file.export.artboardsToPdf,file,implemented,denied,denied,blocked,,source_reviewed,upstream_workspace_denied,"{""path"":str (.pdf),""artboards"":[id]?,""quality"":0..12=10} → {path, pages} (one raster page per board)",https://github.com/storytold/photocraft/blob/ad863217386440ca968fccc9bfff65ba24e61142/crates/engine/src/artboard_cmds.rs#L488 | https://github.com/storytold/photocraft/blob/ad863217386440ca968fccc9bfff65ba24e61142/crates/automation/src/workspace.rs#L140
engine,file.export.colorLookupTables,file,implemented,denied,denied,blocked,,source_reviewed,upstream_workspace_denied,"{""path"":str? (.cube; omit to return the text),""size"":2..256=33,""title"":str?}",https://github.com/storytold/photocraft/blob/ad863217386440ca968fccc9bfff65ba24e61142/crates/engine/src/file_cmds.rs#L1117 | https://github.com/storytold/photocraft/blob/ad863217386440ca968fccc9bfff65ba24e61142/crates/engine/src/file_cmds.rs#L870 | https://github.com/storytold/photocraft/blob/ad863217386440ca968fccc9bfff65ba24e61142/crates/automation/src/workspace.rs#L131 | https://github.com/storytold/photocraft/blob/ad863217386440ca968fccc9bfff65ba24e61142/crates/automation/src/workspace.rs#L140
engine,file.export.dataSetsAsFiles,file,implemented,denied,denied,blocked,,source_reviewed,upstream_workspace_denied,"{dir, format?:png, dataSets?[names], naming?:""{name}|{index}|{document}""} → {files,count}: apply each data set and export the flattened document",https://github.com/storytold/photocraft/blob/ad863217386440ca968fccc9bfff65ba24e61142/crates/engine/src/variables_cmds.rs#L415 | https://github.com/storytold/photocraft/blob/ad863217386440ca968fccc9bfff65ba24e61142/crates/automation/src/workspace.rs#L140
engine,file.export.exportPreferences,file,implemented,allowed,allowed,unexposed,,source_reviewed,typed_contract_not_implemented,"{""quickExportFormat"":""png|jpg|gif|webp""?,""quickExportLocation"":""ask|sameFolder""?,""jpegQuality"":1..100?,""metadata"":""none|copyright|all""?,""convertToSrgb"":bool?} → {values}",https://github.com/storytold/photocraft/blob/ad863217386440ca968fccc9bfff65ba24e61142/crates/engine/src/web_cmds.rs#L1176 | https://github.com/storytold/photocraft/blob/ad863217386440ca968fccc9bfff65ba24e61142/crates/engine/src/web_cmds.rs#L802 | https://github.com/storytold/photocraft/blob/ad863217386440ca968fccc9bfff65ba24e61142/crates/automation/src/workspace.rs#L131
engine,file.export.layerCompsToFiles,file,implemented,denied,denied,blocked,,source_reviewed,upstream_workspace_denied,"{""dir"":folder,""format"":""png|jpg|psd|tiff|…""=""png"",""prefix"":str=document name,""selectedOnly"":bool=false (only the last applied comp),""comps"":[id]?,""quality"":0..12?} → {files}",https://github.com/storytold/photocraft/blob/ad863217386440ca968fccc9bfff65ba24e61142/crates/engine/src/comps_cmds.rs#L432 | https://github.com/storytold/photocraft/blob/ad863217386440ca968fccc9bfff65ba24e61142/crates/automation/src/workspace.rs#L140
engine,file.export.layersToFiles,file,implemented,denied,denied,blocked,,source_reviewed,upstream_workspace_denied,"{""dir"":folder,""format"":""png|jpg|psd|tiff|…""=""png"",""prefix"":str=document name,""visibleOnly"":bool=true,""quality"":0..12?} → {files}",https://github.com/storytold/photocraft/blob/ad863217386440ca968fccc9bfff65ba24e61142/crates/engine/src/file_cmds.rs#L1108 | https://github.com/storytold/photocraft/blob/ad863217386440ca968fccc9bfff65ba24e61142/crates/engine/src/file_cmds.rs#L799 | https://github.com/storytold/photocraft/blob/ad863217386440ca968fccc9bfff65ba24e61142/crates/automation/src/workspace.rs#L131 | https://github.com/storytold/photocraft/blob/ad863217386440ca968fccc9bfff65ba24e61142/crates/automation/src/workspace.rs#L140
engine,file.export.pathsToIllustrator,file,implemented,denied,denied,blocked,,source_reviewed,upstream_workspace_denied,"{""path"":str? (.ai; omit to return the text),""paths"":""all|work|<path name>""=""all""} → {path, paths}",https://github.com/storytold/photocraft/blob/ad863217386440ca968fccc9bfff65ba24e61142/crates/engine/src/print_cmds.rs#L574 | https://github.com/storytold/photocraft/blob/ad863217386440ca968fccc9bfff65ba24e61142/crates/engine/src/print_cmds.rs#L524 | https://github.com/storytold/photocraft/blob/ad863217386440ca968fccc9bfff65ba24e61142/crates/automation/src/workspace.rs#L131 | https://github.com/storytold/photocraft/blob/ad863217386440ca968fccc9bfff65ba24e61142/crates/automation/src/workspace.rs#L140
engine,file.export.quickExport,file,implemented,denied,denied,blocked,,source_reviewed,upstream_workspace_denied,"{""path"":str? (required unless Export Preferences › Location is ""sameFolder"" and the document is saved)} → {path, format, bytes}",https://github.com/storytold/photocraft/blob/ad863217386440ca968fccc9bfff65ba24e61142/crates/engine/src/web_cmds.rs#L1185 | https://github.com/storytold/photocraft/blob/ad863217386440ca968fccc9bfff65ba24e61142/crates/engine/src/web_cmds.rs#L824 | https://github.com/storytold/photocraft/blob/ad863217386440ca968fccc9bfff65ba24e61142/crates/automation/src/workspace.rs#L131 | https://github.com/storytold/photocraft/blob/ad863217386440ca968fccc9bfff65ba24e61142/crates/automation/src/workspace.rs#L140
engine,file.export.renderVideo,file,implemented,denied,denied,blocked,,source_reviewed,upstream_workspace_denied,{} → {},https://github.com/storytold/photocraft/blob/ad863217386440ca968fccc9bfff65ba24e61142/crates/engine/src/video_cmds.rs#L373 | https://github.com/storytold/photocraft/blob/ad863217386440ca968fccc9bfff65ba24e61142/crates/automation/src/workspace.rs#L140
engine,file.export.saveForWebLegacy,file,implemented,denied,denied,blocked,,source_reviewed,upstream_workspace_denied,"{""preset"":""GIF 128 Dithered|JPEG High|PNG-24|…""?,""format"":""gif|png8|png24|jpeg|wbmp""=""png24"",""palette"":""perceptual|selective|adaptive|restrictive|exact|systemMac|systemWindows|uniform""=""selective"",""colors"":2..256=256,""dither"":""none|diffusion|pattern|noise""=""diffusion"",""ditherAmount"":0..100=88,""transparency"":bool=true,""matte"":""#rrggbb|none""=""#ffffff"",""interlaced"":bool=false,""webSnap"":0..100=0,""quality"":0..100=60,""progressive"":bool=false,""optimized"":bool=true,""embedIcc"":bool=false,""metadata"":""none|copyright|copyrightAndContact|all""=""copyright"",""convertToSrgb"":bool=true,""width""|""height""|""percent""? (image size),""resample"":""bicubic|bilinear|nearest""?,""path"":file? (whole image),""dir"":folder? (one file per slice in images/),""html"":bool=false,""slices"":""all|user""=""all"",""numbers"":[n]?} → no path/dir: {bytes,width,height,colors} estimate; else {files, html, bytes}",https://github.com/storytold/photocraft/blob/ad863217386440ca968fccc9bfff65ba24e61142/crates/engine/src/web_cmds.rs#L1167 | https://github.com/storytold/photocraft/blob/ad863217386440ca968fccc9bfff65ba24e61142/crates/engine/src/web_cmds.rs#L709 | https://github.com/storytold/photocraft/blob/ad863217386440ca968fccc9bfff65ba24e61142/crates/automation/src/workspace.rs#L131 | https://github.com/storytold/photocraft/blob/ad863217386440ca968fccc9bfff65ba24e61142/crates/automation/src/workspace.rs#L140
engine,file.fileInfo,file,implemented,allowed,allowed,unexposed,,source_reviewed,typed_contract_not_implemented,"{""title"":str?,""author"":str?,""authorTitle"":str?,""description"":str?,""keywords"":[str]|""a; b""?,""copyright"":str?,""copyrightStatus"":""unknown|copyrighted|publicDomain""?,""copyrightUrl"":str?} (no keys: read)",https://github.com/storytold/photocraft/blob/ad863217386440ca968fccc9bfff65ba24e61142/crates/engine/src/file_cmds.rs#L1044 | https://github.com/storytold/photocraft/blob/ad863217386440ca968fccc9bfff65ba24e61142/crates/engine/src/file_cmds.rs#L499 | https://github.com/storytold/photocraft/blob/ad863217386440ca968fccc9bfff65ba24e61142/crates/automation/src/workspace.rs#L131
engine,file.generate.imageAssets,file,implemented,denied,denied,blocked,,source_reviewed,upstream_workspace_denied,"{""on"":bool? (default: toggle),""dir"":folder? (default <document>-assets next to the file)} → {enabled, files, errors}; layers named like ""foo.png"", ""200% foo@2x.png"", ""48x48 icons/a.png8"", ""photo.jpg80%"" are exported, now and after each save",https://github.com/storytold/photocraft/blob/ad863217386440ca968fccc9bfff65ba24e61142/crates/engine/src/web_cmds.rs#L1194 | https://github.com/storytold/photocraft/blob/ad863217386440ca968fccc9bfff65ba24e61142/crates/engine/src/web_cmds.rs#L1119 | https://github.com/storytold/photocraft/blob/ad863217386440ca968fccc9bfff65ba24e61142/crates/automation/src/workspace.rs#L131 | https://github.com/storytold/photocraft/blob/ad863217386440ca968fccc9bfff65ba24e61142/crates/automation/src/workspace.rs#L140
engine,file.import.notes,file,implemented,denied,denied,blocked,,source_reviewed,upstream_workspace_denied,"{""path"":"".psd|.psb|.pcraft with notes""}",https://github.com/storytold/photocraft/blob/ad863217386440ca968fccc9bfff65ba24e61142/crates/engine/src/notes_cmds.rs#L234 | https://github.com/storytold/photocraft/blob/ad863217386440ca968fccc9bfff65ba24e61142/crates/automation/src/workspace.rs#L140
engine,file.import.variableDataSets,file,implemented,denied,denied,blocked,,source_reviewed,upstream_workspace_denied,"{path, delimiter?} → {imported}: CSV header = variable names, each row a data set (first column may be the data-set name)",https://github.com/storytold/photocraft/blob/ad863217386440ca968fccc9bfff65ba24e61142/crates/engine/src/variables_cmds.rs#L408 | https://github.com/storytold/photocraft/blob/ad863217386440ca968fccc9bfff65ba24e61142/crates/automation/src/workspace.rs#L140
engine,file.import.videoFramesToLayers,file,implemented,denied,denied,blocked,,source_reviewed,upstream_workspace_denied,{} → {},https://github.com/storytold/photocraft/blob/ad863217386440ca968fccc9bfff65ba24e61142/crates/engine/src/video_cmds.rs#L372 | https://github.com/storytold/photocraft/blob/ad863217386440ca968fccc9bfff65ba24e61142/crates/automation/src/workspace.rs#L140
engine,file.import.wiaSupport,file,registered,denied,denied,blocked,,source_reviewed,upstream_placeholder_no_effect,"{} → {available, devices, note}: acquire from a scanner/camera (Windows only)",https://github.com/storytold/photocraft/blob/ad863217386440ca968fccc9bfff65ba24e61142/crates/engine/src/wia_cmds.rs#L11 | https://github.com/storytold/photocraft/blob/ad863217386440ca968fccc9bfff65ba24e61142/crates/engine/src/wia_cmds.rs#L26 | https://github.com/storytold/photocraft/blob/ad863217386440ca968fccc9bfff65ba24e61142/crates/automation/src/workspace.rs#L131 | https://github.com/storytold/photocraft/blob/ad863217386440ca968fccc9bfff65ba24e61142/crates/automation/src/workspace.rs#L140
engine,file.new,file,implemented,allowed,allowed,unexposed,,source_reviewed,typed_contract_not_implemented,"{""width"":u32=1920,""height"":u32=1080,""mode"":""rgb|gray|cmyk|lab""=""rgb"",""depth"":8|16|32=8,""background"":""white|black|backgroundColor|transparent|#rrggbb""=""white"",""resolution"":ppi=72,""name"":str}",https://github.com/storytold/photocraft/blob/ad863217386440ca968fccc9bfff65ba24e61142/crates/engine/src/commands.rs#L213
engine,file.openAs,file,implemented,denied,denied,blocked,,source_reviewed,upstream_workspace_denied,"{""path"":str,""as"":""psd|png|jpg|tiff|…""? (decode as this format)}",https://github.com/storytold/photocraft/blob/ad863217386440ca968fccc9bfff65ba24e61142/crates/engine/src/file_cmds.rs#L1023 | https://github.com/storytold/photocraft/blob/ad863217386440ca968fccc9bfff65ba24e61142/crates/engine/src/file_cmds.rs#L279 | https://github.com/storytold/photocraft/blob/ad863217386440ca968fccc9bfff65ba24e61142/crates/automation/src/workspace.rs#L131 | https://github.com/storytold/photocraft/blob/ad863217386440ca968fccc9bfff65ba24e61142/crates/automation/src/workspace.rs#L140
engine,file.package,file,implemented,denied,denied,blocked,,source_reviewed,upstream_workspace_denied,"{""dir"":folder,""format"":""pcraft|psd|psb""=""pcraft""} → {folder, document, links, missing} (copies the document and its linked files into <dir>/<name>/, relinked to Links/)",https://github.com/storytold/photocraft/blob/ad863217386440ca968fccc9bfff65ba24e61142/crates/engine/src/print_cmds.rs#L565 | https://github.com/storytold/photocraft/blob/ad863217386440ca968fccc9bfff65ba24e61142/crates/engine/src/print_cmds.rs#L401 | https://github.com/storytold/photocraft/blob/ad863217386440ca968fccc9bfff65ba24e61142/crates/automation/src/workspace.rs#L131 | https://github.com/storytold/photocraft/blob/ad863217386440ca968fccc9bfff65ba24e61142/crates/automation/src/workspace.rs#L140
engine,file.placeEmbedded,file,implemented,denied,denied,blocked,,source_reviewed,upstream_workspace_denied,"{""path"":str,""scale"":%? (default: fit when larger than the canvas),""fit"":bool=true,""center"":[x,y]?}",https://github.com/storytold/photocraft/blob/ad863217386440ca968fccc9bfff65ba24e61142/crates/engine/src/file_cmds.rs#L1032 | https://github.com/storytold/photocraft/blob/ad863217386440ca968fccc9bfff65ba24e61142/crates/engine/src/file_cmds.rs#L327 | https://github.com/storytold/photocraft/blob/ad863217386440ca968fccc9bfff65ba24e61142/crates/automation/src/workspace.rs#L131 | https://github.com/storytold/photocraft/blob/ad863217386440ca968fccc9bfff65ba24e61142/crates/automation/src/workspace.rs#L140
engine,file.placeLinked,file,implemented,denied,denied,blocked,,source_reviewed,upstream_workspace_denied,"{""path"":str,""scale"":%?,""fit"":bool=true,""center"":[x,y]?}",https://github.com/storytold/photocraft/blob/ad863217386440ca968fccc9bfff65ba24e61142/crates/engine/src/file_cmds.rs#L1040 | https://github.com/storytold/photocraft/blob/ad863217386440ca968fccc9bfff65ba24e61142/crates/engine/src/file_cmds.rs#L327 | https://github.com/storytold/photocraft/blob/ad863217386440ca968fccc9bfff65ba24e61142/crates/automation/src/workspace.rs#L131 | https://github.com/storytold/photocraft/blob/ad863217386440ca968fccc9bfff65ba24e61142/crates/automation/src/workspace.rs#L140
engine,file.print,file,implemented,denied,denied,blocked,,source_reviewed,upstream_workspace_denied,"{""printer"":name? (default printer),""copies"":1..999=1,""paper"":""letter|legal|tabloid|a3|a4|a5|4x6|5x7""|[w,h] pt=""letter"",""orientation"":""portrait|landscape""=""portrait"",""center"":bool=true,""top"":in?,""left"":in?,""scale"":%=100,""scaleToFit"":bool=false,""colorHandling"":""printerManages|photocraftManages|noColorManagement""=""printerManages"",""printerProfile"":profile? (photocraftManages),""intent"":""perceptual|relative|saturation|absolute""=""relative"",""bpc"":bool=true,""cornerCropMarks"":bool,""centerCropMarks"":bool,""registrationMarks"":bool,""description"":bool,""labels"":bool,""output"":pdf path? (print to PDF; then ""send"" defaults to false),""send"":bool?,""dryRun"":bool=false (render the PDF, report the lp command, don't spool)} → {pdf, imageRect, command, sent}",https://github.com/storytold/photocraft/blob/ad863217386440ca968fccc9bfff65ba24e61142/crates/engine/src/print_cmds.rs#L554 | https://github.com/storytold/photocraft/blob/ad863217386440ca968fccc9bfff65ba24e61142/crates/engine/src/print_cmds.rs#L384 | https://github.com/storytold/photocraft/blob/ad863217386440ca968fccc9bfff65ba24e61142/crates/automation/src/workspace.rs#L131 | https://github.com/storytold/photocraft/blob/ad863217386440ca968fccc9bfff65ba24e61142/crates/automation/src/workspace.rs#L140
engine,file.printOneCopy,file,implemented,denied,denied,blocked,,source_reviewed,upstream_workspace_denied,"{} (the last Print settings, one copy; any Print key overrides)",https://github.com/storytold/photocraft/blob/ad863217386440ca968fccc9bfff65ba24e61142/crates/engine/src/print_cmds.rs#L556 | https://github.com/storytold/photocraft/blob/ad863217386440ca968fccc9bfff65ba24e61142/crates/engine/src/print_cmds.rs#L388 | https://github.com/storytold/photocraft/blob/ad863217386440ca968fccc9bfff65ba24e61142/crates/automation/src/workspace.rs#L131 | https://github.com/storytold/photocraft/blob/ad863217386440ca968fccc9bfff65ba24e61142/crates/automation/src/workspace.rs#L140
engine,file.revert,file,implemented,denied,denied,blocked,,source_reviewed,upstream_workspace_denied,{} (reloads the saved file as one undoable step),https://github.com/storytold/photocraft/blob/ad863217386440ca968fccc9bfff65ba24e61142/crates/engine/src/file_cmds.rs#L1012 | https://github.com/storytold/photocraft/blob/ad863217386440ca968fccc9bfff65ba24e61142/crates/engine/src/file_cmds.rs#L232 | https://github.com/storytold/photocraft/blob/ad863217386440ca968fccc9bfff65ba24e61142/crates/automation/src/workspace.rs#L131 | https://github.com/storytold/photocraft/blob/ad863217386440ca968fccc9bfff65ba24e61142/crates/automation/src/workspace.rs#L140
engine,file.saveACopy,file,implemented,denied,denied,blocked,,source_reviewed,upstream_workspace_denied,"{""path"":str (format from the extension),""quality"":0..12? (JPEG),""layers"":bool=true}",https://github.com/storytold/photocraft/blob/ad863217386440ca968fccc9bfff65ba24e61142/crates/engine/src/file_cmds.rs#L1014 | https://github.com/storytold/photocraft/blob/ad863217386440ca968fccc9bfff65ba24e61142/crates/engine/src/file_cmds.rs#L250 | https://github.com/storytold/photocraft/blob/ad863217386440ca968fccc9bfff65ba24e61142/crates/automation/src/workspace.rs#L131 | https://github.com/storytold/photocraft/blob/ad863217386440ca968fccc9bfff65ba24e61142/crates/automation/src/workspace.rs#L140
engine,file.scripts.browse,file,implemented,denied,denied,blocked,,source_reviewed,upstream_workspace_denied,"{""path"":script file | ""script"":text | ""steps"":[[id,params]…]} (JSON action, or one `command.id {json}` per line) → {steps, ok, results}",https://github.com/storytold/photocraft/blob/ad863217386440ca968fccc9bfff65ba24e61142/crates/engine/src/automate_cmds.rs#L550 | https://github.com/storytold/photocraft/blob/ad863217386440ca968fccc9bfff65ba24e61142/crates/engine/src/automate_cmds.rs#L114 | https://github.com/storytold/photocraft/blob/ad863217386440ca968fccc9bfff65ba24e61142/crates/automation/src/workspace.rs#L131 | https://github.com/storytold/photocraft/blob/ad863217386440ca968fccc9bfff65ba24e61142/crates/automation/src/workspace.rs#L140
engine,file.scripts.deleteAllEmptyLayers,file,implemented,allowed,allowed,unexposed,,source_reviewed,typed_contract_not_implemented,{},https://github.com/storytold/photocraft/blob/ad863217386440ca968fccc9bfff65ba24e61142/crates/engine/src/extra_cmds.rs#L657
engine,file.scripts.flattenAllLayerEffects,file,implemented,allowed,allowed,unexposed,,source_reviewed,typed_contract_not_implemented,{},https://github.com/storytold/photocraft/blob/ad863217386440ca968fccc9bfff65ba24e61142/crates/engine/src/file_cmds.rs#L1097 | https://github.com/storytold/photocraft/blob/ad863217386440ca968fccc9bfff65ba24e61142/crates/engine/src/file_cmds.rs#L741 | https://github.com/storytold/photocraft/blob/ad863217386440ca968fccc9bfff65ba24e61142/crates/automation/src/workspace.rs#L131
engine,file.scripts.flattenAllMasks,file,implemented,allowed,allowed,unexposed,,source_reviewed,typed_contract_not_implemented,{} (pixel layers; masks on other layer kinds are left),https://github.com/storytold/photocraft/blob/ad863217386440ca968fccc9bfff65ba24e61142/crates/engine/src/file_cmds.rs#L1099 | https://github.com/storytold/photocraft/blob/ad863217386440ca968fccc9bfff65ba24e61142/crates/engine/src/file_cmds.rs#L767 | https://github.com/storytold/photocraft/blob/ad863217386440ca968fccc9bfff65ba24e61142/crates/automation/src/workspace.rs#L131
engine,file.scripts.imageProcessor,file,implemented,denied,denied,blocked,,source_reviewed,upstream_workspace_denied,"{""input"":folder|[paths],""output"":folder,""format"":""jpg|png|psd|tiff|…""=""jpg"",""quality"":0..12=8,""width"":px?,""height"":px? (fit, never enlarge),""convertToSrgb"":bool=false} → {files, errors}",https://github.com/storytold/photocraft/blob/ad863217386440ca968fccc9bfff65ba24e61142/crates/engine/src/file_cmds.rs#L1080 | https://github.com/storytold/photocraft/blob/ad863217386440ca968fccc9bfff65ba24e61142/crates/engine/src/file_cmds.rs#L653 | https://github.com/storytold/photocraft/blob/ad863217386440ca968fccc9bfff65ba24e61142/crates/automation/src/workspace.rs#L131 | https://github.com/storytold/photocraft/blob/ad863217386440ca968fccc9bfff65ba24e61142/crates/automation/src/workspace.rs#L140
engine,file.scripts.loadFilesIntoStack,file,implemented,denied,denied,blocked,,source_reviewed,upstream_workspace_denied,"{""paths"":[str]|folder,""createSmartObject"":bool=false} → new document with one layer per file (inside one smart object with createSmartObject)",https://github.com/storytold/photocraft/blob/ad863217386440ca968fccc9bfff65ba24e61142/crates/engine/src/file_cmds.rs#L1089 | https://github.com/storytold/photocraft/blob/ad863217386440ca968fccc9bfff65ba24e61142/crates/engine/src/file_cmds.rs#L675 | https://github.com/storytold/photocraft/blob/ad863217386440ca968fccc9bfff65ba24e61142/crates/automation/src/workspace.rs#L131 | https://github.com/storytold/photocraft/blob/ad863217386440ca968fccc9bfff65ba24e61142/crates/automation/src/workspace.rs#L140
engine,file.scripts.scriptEventsManager,file,implemented,denied,denied,blocked,,source_reviewed,upstream_workspace_denied,"{""enabled"":bool?,""add"":{""event"":""startApplication|newDocument|openDocument|saveDocument|closeDocument|print|export|everything"",""script"":path?|""steps"":[…]?,""name"":str?}?,""remove"":index?,""removeAll"":bool?} → {enabled, bindings, events}",https://github.com/storytold/photocraft/blob/ad863217386440ca968fccc9bfff65ba24e61142/crates/engine/src/automate_cmds.rs#L558 | https://github.com/storytold/photocraft/blob/ad863217386440ca968fccc9bfff65ba24e61142/crates/engine/src/automate_cmds.rs#L164 | https://github.com/storytold/photocraft/blob/ad863217386440ca968fccc9bfff65ba24e61142/crates/automation/src/workspace.rs#L131 | https://github.com/storytold/photocraft/blob/ad863217386440ca968fccc9bfff65ba24e61142/crates/automation/src/workspace.rs#L140
engine,file.scripts.statistics,file,implemented,denied,denied,blocked,,source_reviewed,upstream_workspace_denied,"{""mode"":""mean|median|maximum|minimum|range|summation|variance|standardDeviation|skewness|kurtosis|entropy""=""median"",""input"":folder|[paths],""align"":bool=false (Auto-Align first)} → new document with one stack-mode smart object",https://github.com/storytold/photocraft/blob/ad863217386440ca968fccc9bfff65ba24e61142/crates/engine/src/automate_cmds.rs#L542 | https://github.com/storytold/photocraft/blob/ad863217386440ca968fccc9bfff65ba24e61142/crates/engine/src/automate_cmds.rs#L359 | https://github.com/storytold/photocraft/blob/ad863217386440ca968fccc9bfff65ba24e61142/crates/automation/src/workspace.rs#L131 | https://github.com/storytold/photocraft/blob/ad863217386440ca968fccc9bfff65ba24e61142/crates/automation/src/workspace.rs#L140
engine,filter.adaptiveWideAngle,filter,implemented,conditional,allowed,unexposed,,source_reviewed,typed_contract_not_implemented,"{""model"":""auto|fisheye|perspective|fullSpherical"",""focalLength"":0..200=0,""cropFactor"":0.1..10=1,""scale"":50..150=100,""constraints"":[{""a"":[x,y],""b"":[x,y],""orientation"":""free|horizontal|vertical""}]}",https://github.com/storytold/photocraft/blob/ad863217386440ca968fccc9bfff65ba24e61142/crates/engine/src/lens_cmds.rs#L305 | https://github.com/storytold/photocraft/blob/ad863217386440ca968fccc9bfff65ba24e61142/crates/engine/src/lens_cmds.rs#L25 | https://github.com/storytold/photocraft/blob/ad863217386440ca968fccc9bfff65ba24e61142/crates/engine/src/smart_cmds.rs#L69
engine,filter.blur.average,filter,implemented,allowed,allowed,unexposed,,source_reviewed,typed_contract_not_implemented,{},https://github.com/storytold/photocraft/blob/ad863217386440ca968fccc9bfff65ba24e61142/crates/engine/src/extra_cmds.rs#L188 | https://github.com/storytold/photocraft/blob/ad863217386440ca968fccc9bfff65ba24e61142/crates/engine/src/extra_cmds.rs#L676
engine,filter.blur.blur,filter,implemented,conditional,allowed,unexposed,,source_reviewed,typed_contract_not_implemented,{},https://github.com/storytold/photocraft/blob/ad863217386440ca968fccc9bfff65ba24e61142/crates/engine/src/filters.rs#L178 | https://github.com/storytold/photocraft/blob/ad863217386440ca968fccc9bfff65ba24e61142/crates/engine/src/filters.rs#L246 | https://github.com/storytold/photocraft/blob/ad863217386440ca968fccc9bfff65ba24e61142/crates/engine/src/smart_cmds.rs#L69
engine,filter.blur.blurMore,filter,implemented,conditional,allowed,unexposed,,source_reviewed,typed_contract_not_implemented,{},https://github.com/storytold/photocraft/blob/ad863217386440ca968fccc9bfff65ba24e61142/crates/engine/src/filters.rs#L178 | https://github.com/storytold/photocraft/blob/ad863217386440ca968fccc9bfff65ba24e61142/crates/engine/src/filters.rs#L247 | https://github.com/storytold/photocraft/blob/ad863217386440ca968fccc9bfff65ba24e61142/crates/engine/src/smart_cmds.rs#L69
engine,filter.blur.boxBlur,filter,implemented,conditional,allowed,unexposed,,source_reviewed,typed_contract_not_implemented,"{""radius"":1..2000=1}",https://github.com/storytold/photocraft/blob/ad863217386440ca968fccc9bfff65ba24e61142/crates/engine/src/filters.rs#L178 | https://github.com/storytold/photocraft/blob/ad863217386440ca968fccc9bfff65ba24e61142/crates/engine/src/filters.rs#L252 | https://github.com/storytold/photocraft/blob/ad863217386440ca968fccc9bfff65ba24e61142/crates/engine/src/smart_cmds.rs#L69
engine,filter.blur.gaussianBlur,filter,implemented,conditional,allowed,unexposed,,source_reviewed,typed_contract_not_implemented,"{""radius"":0.1..1000=1}",https://github.com/storytold/photocraft/blob/ad863217386440ca968fccc9bfff65ba24e61142/crates/engine/src/filters.rs#L178 | https://github.com/storytold/photocraft/blob/ad863217386440ca968fccc9bfff65ba24e61142/crates/engine/src/filters.rs#L245 | https://github.com/storytold/photocraft/blob/ad863217386440ca968fccc9bfff65ba24e61142/crates/engine/src/smart_cmds.rs#L69
engine,filter.blur.lensBlur,filter,implemented,conditional,allowed,unexposed,,source_reviewed,typed_contract_not_implemented,"{""radius"":0..100=15,""shape"":""hexagon|triangle|square|pentagon|heptagon|octagon"",""bladeCurvature"":0..100=0,""rotation"":0..360=0,""depthMap"":""none|transparency|layerMask"",""focalDistance"":0..255=0,""invert"":bool,""brightness"":0..100=0,""threshold"":0..255=255,""noise"":0..100=0,""distribution"":""uniform|gaussian"",""monochromatic"":bool,""seed"":u32=0}",https://github.com/storytold/photocraft/blob/ad863217386440ca968fccc9bfff65ba24e61142/crates/engine/src/filters.rs#L178 | https://github.com/storytold/photocraft/blob/ad863217386440ca968fccc9bfff65ba24e61142/crates/engine/src/filters_ext.rs#L544 | https://github.com/storytold/photocraft/blob/ad863217386440ca968fccc9bfff65ba24e61142/crates/engine/src/smart_cmds.rs#L69
engine,filter.blur.motionBlur,filter,implemented,conditional,allowed,unexposed,,source_reviewed,typed_contract_not_implemented,"{""angle"":-360..360=0,""distance"":1..2000=10}",https://github.com/storytold/photocraft/blob/ad863217386440ca968fccc9bfff65ba24e61142/crates/engine/src/filters.rs#L178 | https://github.com/storytold/photocraft/blob/ad863217386440ca968fccc9bfff65ba24e61142/crates/engine/src/filters.rs#L253 | https://github.com/storytold/photocraft/blob/ad863217386440ca968fccc9bfff65ba24e61142/crates/engine/src/smart_cmds.rs#L69
engine,filter.blur.radialBlur,filter,implemented,conditional,allowed,unexposed,,source_reviewed,typed_contract_not_implemented,"{""amount"":1..100=10,""method"":""spin|zoom"",""centerX"":0..1=0.5,""centerY"":0..1=0.5}",https://github.com/storytold/photocraft/blob/ad863217386440ca968fccc9bfff65ba24e61142/crates/engine/src/filters.rs#L178 | https://github.com/storytold/photocraft/blob/ad863217386440ca968fccc9bfff65ba24e61142/crates/engine/src/filters.rs#L255 | https://github.com/storytold/photocraft/blob/ad863217386440ca968fccc9bfff65ba24e61142/crates/engine/src/smart_cmds.rs#L69
engine,filter.blur.shapeBlur,filter,implemented,conditional,allowed,unexposed,,source_reviewed,typed_contract_not_implemented,"{""radius"":5..1000=10,""shape"":""circle|ring|square|diamond|triangle|hexagon|star|heart|cross""}",https://github.com/storytold/photocraft/blob/ad863217386440ca968fccc9bfff65ba24e61142/crates/engine/src/filters.rs#L178 | https://github.com/storytold/photocraft/blob/ad863217386440ca968fccc9bfff65ba24e61142/crates/engine/src/filters_ext.rs#L550 | https://github.com/storytold/photocraft/blob/ad863217386440ca968fccc9bfff65ba24e61142/crates/engine/src/smart_cmds.rs#L69
engine,filter.blur.smartBlur,filter,implemented,conditional,allowed,unexposed,,source_reviewed,typed_contract_not_implemented,"{""radius"":0.1..100=3,""threshold"":0.1..100=25,""quality"":""high|medium|low"",""mode"":""normal|edgeOnly|overlayEdge""}",https://github.com/storytold/photocraft/blob/ad863217386440ca968fccc9bfff65ba24e61142/crates/engine/src/filters.rs#L178 | https://github.com/storytold/photocraft/blob/ad863217386440ca968fccc9bfff65ba24e61142/crates/engine/src/filters_ext.rs#L538 | https://github.com/storytold/photocraft/blob/ad863217386440ca968fccc9bfff65ba24e61142/crates/engine/src/smart_cmds.rs#L69
engine,filter.blur.surfaceBlur,filter,implemented,conditional,allowed,unexposed,,source_reviewed,typed_contract_not_implemented,"{""radius"":1..100=5,""threshold"":2..255=15}",https://github.com/storytold/photocraft/blob/ad863217386440ca968fccc9bfff65ba24e61142/crates/engine/src/filters.rs#L178 | https://github.com/storytold/photocraft/blob/ad863217386440ca968fccc9bfff65ba24e61142/crates/engine/src/filters.rs#L260 | https://github.com/storytold/photocraft/blob/ad863217386440ca968fccc9bfff65ba24e61142/crates/engine/src/smart_cmds.rs#L69
engine,filter.blurGallery.fieldBlur,filter,implemented,conditional,allowed,unexposed,,source_reviewed,typed_contract_not_implemented,"{""blur"":0..500=15,""centerX"":0..1=0.5,""centerY"":0..1=0.5,""pins"":json}",https://github.com/storytold/photocraft/blob/ad863217386440ca968fccc9bfff65ba24e61142/crates/engine/src/filters.rs#L178 | https://github.com/storytold/photocraft/blob/ad863217386440ca968fccc9bfff65ba24e61142/crates/engine/src/filters_ext.rs#L569 | https://github.com/storytold/photocraft/blob/ad863217386440ca968fccc9bfff65ba24e61142/crates/engine/src/smart_cmds.rs#L69
engine,filter.blurGallery.irisBlur,filter,implemented,conditional,allowed,unexposed,,source_reviewed,typed_contract_not_implemented,"{""blur"":0..500=15,""centerX"":0..1=0.5,""centerY"":0..1=0.5,""radiusX"":0.01..1=0.35,""radiusY"":0.01..1=0.25,""angle"":-180..180=0,""roundness"":0..100=0,""feather"":0..0.99=0.5,""pins"":json}",https://github.com/storytold/photocraft/blob/ad863217386440ca968fccc9bfff65ba24e61142/crates/engine/src/filters.rs#L178 | https://github.com/storytold/photocraft/blob/ad863217386440ca968fccc9bfff65ba24e61142/crates/engine/src/filters_ext.rs#L563 | https://github.com/storytold/photocraft/blob/ad863217386440ca968fccc9bfff65ba24e61142/crates/engine/src/smart_cmds.rs#L69
engine,filter.blurGallery.pathBlur,filter,implemented,conditional,allowed,unexposed,,source_reviewed,typed_contract_not_implemented,"{""speed"":0..500=50,""taper"":0..100=0,""startX"":0..1=0.2,""startY"":0..1=0.5,""endX"":0..1=0.8,""endY"":0..1=0.5,""paths"":json}",https://github.com/storytold/photocraft/blob/ad863217386440ca968fccc9bfff65ba24e61142/crates/engine/src/filters.rs#L178 | https://github.com/storytold/photocraft/blob/ad863217386440ca968fccc9bfff65ba24e61142/crates/engine/src/filters_ext.rs#L581 | https://github.com/storytold/photocraft/blob/ad863217386440ca968fccc9bfff65ba24e61142/crates/engine/src/smart_cmds.rs#L69
engine,filter.blurGallery.spinBlur,filter,implemented,conditional,allowed,unexposed,,source_reviewed,typed_contract_not_implemented,"{""blurAngle"":0..360=15,""centerX"":0..1=0.5,""centerY"":0..1=0.5,""radiusX"":0.01..1=0.3,""radiusY"":0.01..1=0.3,""angle"":-180..180=0,""pins"":json}",https://github.com/storytold/photocraft/blob/ad863217386440ca968fccc9bfff65ba24e61142/crates/engine/src/filters.rs#L178 | https://github.com/storytold/photocraft/blob/ad863217386440ca968fccc9bfff65ba24e61142/crates/engine/src/filters_ext.rs#L575 | https://github.com/storytold/photocraft/blob/ad863217386440ca968fccc9bfff65ba24e61142/crates/engine/src/smart_cmds.rs#L69
engine,filter.blurGallery.tiltShift,filter,implemented,conditional,allowed,unexposed,,source_reviewed,typed_contract_not_implemented,"{""blur"":0..500=15,""centerX"":0..1=0.5,""centerY"":0..1=0.5,""angle"":-90..90=0,""focus"":0..1=0.1,""transition"":0.01..1=0.15}",https://github.com/storytold/photocraft/blob/ad863217386440ca968fccc9bfff65ba24e61142/crates/engine/src/filters.rs#L178 | https://github.com/storytold/photocraft/blob/ad863217386440ca968fccc9bfff65ba24e61142/crates/engine/src/filters_ext.rs#L557 | https://github.com/storytold/photocraft/blob/ad863217386440ca968fccc9bfff65ba24e61142/crates/engine/src/smart_cmds.rs#L69
engine,filter.cameraRaw,filter,implemented,conditional,allowed,unexposed,,source_reviewed,typed_contract_not_implemented,"{""temperature"":-100..100=0,""tint"":-100..100=0,""exposure"":-5..5=0,""contrast"":-100..100=0,""highlights"":-100..100=0,""shadows"":-100..100=0,""whites"":-100..100=0,""blacks"":-100..100=0,""texture"":-100..100=0,""clarity"":-100..100=0,""dehaze"":-100..100=0,""vibrance"":-100..100=0,""saturation"":-100..100=0,""curveHighlights"":-100..100=0,""curveLights"":-100..100=0,""curveDarks"":-100..100=0,""curveShadows"":-100..100=0,""curveSplits"":[25,50,75],""pointCurve"":[[in,out]],""pointCurveRed"":[[in,out]],""pointCurveGreen"":[[in,out]],""pointCurveBlue"":[[in,out]],""hslHue"":[8],""hslSat"":[8],""hslLum"":[8],""gradeShadows"":{""hue"":deg,""sat"":0..100,""lum"":-100..100},""gradeMidtones"":{},""gradeHighlights"":{},""gradeGlobal"":{},""gradeBlending"":0..100=50,""gradeBalance"":-100..100=0,""sharpenAmount"":0..150=0,""sharpenRadius"":0.5..3=1,""sharpenDetail"":0..100=25,""sharpenMasking"":0..100=0,""noiseLuminance"":0..100=0,""noiseLuminanceDetail"":0..100=50,""noiseColor"":0..100=0,""noiseColorDetail"":0..100=50,""grainAmount"":0..100=0,""grainSize"":0..100=25,""grainRoughness"":0..100=50,""vignetteAmount"":-100..100=0,""vignetteMidpoint"":0..100=50,""vignetteRoundness"":-100..100=0,""vignetteFeather"":0..100=50,""vignetteHighlights"":0..100=0,""vignetteStyle"":""highlightPriority|colorPriority|paintOverlay"",""seed"":u32=0}",https://github.com/storytold/photocraft/blob/ad863217386440ca968fccc9bfff65ba24e61142/crates/engine/src/lens_cmds.rs#L347 | https://github.com/storytold/photocraft/blob/ad863217386440ca968fccc9bfff65ba24e61142/crates/engine/src/lens_cmds.rs#L26 | https://github.com/storytold/photocraft/blob/ad863217386440ca968fccc9bfff65ba24e61142/crates/engine/src/smart_cmds.rs#L69
engine,filter.convertForSmartFilters,filter,implemented,allowed,allowed,unexposed,,source_reviewed,typed_contract_not_implemented,"{""layer"":id?}",https://github.com/storytold/photocraft/blob/ad863217386440ca968fccc9bfff65ba24e61142/crates/engine/src/smart_cmds.rs#L541 | https://github.com/storytold/photocraft/blob/ad863217386440ca968fccc9bfff65ba24e61142/crates/engine/src/smart_cmds.rs#L826
engine,filter.distort.displace,filter,implemented,conditional,conditional,unexposed,,source_reviewed,typed_contract_not_implemented,"{""horizontal"":-999..999=10,""vertical"":-999..999=10,""fit"":""stretch|tile"",""undefinedAreas"":""repeat|wrap"",""mapDocument"":doc,""mapPath"":text,""mapLayer"":json}",https://github.com/storytold/photocraft/blob/ad863217386440ca968fccc9bfff65ba24e61142/crates/engine/src/filters.rs#L178 | https://github.com/storytold/photocraft/blob/ad863217386440ca968fccc9bfff65ba24e61142/crates/engine/src/filters_ext.rs#L498 | https://github.com/storytold/photocraft/blob/ad863217386440ca968fccc9bfff65ba24e61142/crates/automation/src/workspace.rs#L181
engine,filter.distort.pinch,filter,implemented,conditional,allowed,unexposed,,source_reviewed,typed_contract_not_implemented,"{""amount"":-100..100=50}",https://github.com/storytold/photocraft/blob/ad863217386440ca968fccc9bfff65ba24e61142/crates/engine/src/filters.rs#L178 | https://github.com/storytold/photocraft/blob/ad863217386440ca968fccc9bfff65ba24e61142/crates/engine/src/filters.rs#L286 | https://github.com/storytold/photocraft/blob/ad863217386440ca968fccc9bfff65ba24e61142/crates/engine/src/smart_cmds.rs#L69
engine,filter.distort.polarCoordinates,filter,implemented,conditional,allowed,unexposed,,source_reviewed,typed_contract_not_implemented,"{""mode"":""rectangularToPolar|polarToRectangular""}",https://github.com/storytold/photocraft/blob/ad863217386440ca968fccc9bfff65ba24e61142/crates/engine/src/filters.rs#L178 | https://github.com/storytold/photocraft/blob/ad863217386440ca968fccc9bfff65ba24e61142/crates/engine/src/filters.rs#L295 | https://github.com/storytold/photocraft/blob/ad863217386440ca968fccc9bfff65ba24e61142/crates/engine/src/smart_cmds.rs#L69
engine,filter.distort.ripple,filter,implemented,conditional,allowed,unexposed,,source_reviewed,typed_contract_not_implemented,"{""amount"":-999..999=100,""size"":""small|medium|large""}",https://github.com/storytold/photocraft/blob/ad863217386440ca968fccc9bfff65ba24e61142/crates/engine/src/filters.rs#L178 | https://github.com/storytold/photocraft/blob/ad863217386440ca968fccc9bfff65ba24e61142/crates/engine/src/filters.rs#L294 | https://github.com/storytold/photocraft/blob/ad863217386440ca968fccc9bfff65ba24e61142/crates/engine/src/smart_cmds.rs#L69
engine,filter.distort.shear,filter,implemented,conditional,allowed,unexposed,,source_reviewed,typed_contract_not_implemented,"{""amount"":-100..100=0,""undefinedAreas"":""wrap|repeat"",""points"":json}",https://github.com/storytold/photocraft/blob/ad863217386440ca968fccc9bfff65ba24e61142/crates/engine/src/filters.rs#L178 | https://github.com/storytold/photocraft/blob/ad863217386440ca968fccc9bfff65ba24e61142/crates/engine/src/filters_ext.rs#L503 | https://github.com/storytold/photocraft/blob/ad863217386440ca968fccc9bfff65ba24e61142/crates/engine/src/smart_cmds.rs#L69
engine,filter.distort.spherize,filter,implemented,conditional,allowed,unexposed,,source_reviewed,typed_contract_not_implemented,"{""amount"":-100..100=100,""mode"":""normal|horizontalOnly|verticalOnly""}",https://github.com/storytold/photocraft/blob/ad863217386440ca968fccc9bfff65ba24e61142/crates/engine/src/filters.rs#L178 | https://github.com/storytold/photocraft/blob/ad863217386440ca968fccc9bfff65ba24e61142/crates/engine/src/filters.rs#L287 | https://github.com/storytold/photocraft/blob/ad863217386440ca968fccc9bfff65ba24e61142/crates/engine/src/smart_cmds.rs#L69
engine,filter.distort.twirl,filter,implemented,conditional,allowed,unexposed,,source_reviewed,typed_contract_not_implemented,"{""angle"":-999..999=50}",https://github.com/storytold/photocraft/blob/ad863217386440ca968fccc9bfff65ba24e61142/crates/engine/src/filters.rs#L178 | https://github.com/storytold/photocraft/blob/ad863217386440ca968fccc9bfff65ba24e61142/crates/engine/src/filters.rs#L285 | https://github.com/storytold/photocraft/blob/ad863217386440ca968fccc9bfff65ba24e61142/crates/engine/src/smart_cmds.rs#L69
engine,filter.distort.wave,filter,implemented,conditional,allowed,unexposed,,source_reviewed,typed_contract_not_implemented,"{""generators"":1..999=5,""wavelengthMin"":1..998=10,""wavelengthMax"":2..999=120,""amplitudeMin"":1..998=5,""amplitudeMax"":1..999=35,""type"":""sine|triangle|square"",""undefinedAreas"":""wrap|repeat"",""seed"":u32=0}",https://github.com/storytold/photocraft/blob/ad863217386440ca968fccc9bfff65ba24e61142/crates/engine/src/filters.rs#L178 | https://github.com/storytold/photocraft/blob/ad863217386440ca968fccc9bfff65ba24e61142/crates/engine/src/filters.rs#L289 | https://github.com/storytold/photocraft/blob/ad863217386440ca968fccc9bfff65ba24e61142/crates/engine/src/smart_cmds.rs#L69
engine,filter.distort.zigZag,filter,implemented,conditional,allowed,unexposed,,source_reviewed,typed_contract_not_implemented,"{""amount"":-100..100=10,""ridges"":0..20=5,""style"":""pondRipples|outFromCenter|aroundCenter""}",https://github.com/storytold/photocraft/blob/ad863217386440ca968fccc9bfff65ba24e61142/crates/engine/src/filters.rs#L178 | https://github.com/storytold/photocraft/blob/ad863217386440ca968fccc9bfff65ba24e61142/crates/engine/src/filters_ext.rs#L505 | https://github.com/storytold/photocraft/blob/ad863217386440ca968fccc9bfff65ba24e61142/crates/engine/src/smart_cmds.rs#L69
engine,filter.filterGallery,filter,implemented,conditional,allowed,unexposed,,source_reviewed,typed_contract_not_implemented,"{""effects"":json,""foreground"":json,""background"":json,""list"":bool}",https://github.com/storytold/photocraft/blob/ad863217386440ca968fccc9bfff65ba24e61142/crates/engine/src/gallery_cmds.rs#L102 | https://github.com/storytold/photocraft/blob/ad863217386440ca968fccc9bfff65ba24e61142/crates/engine/src/gallery_cmds.rs#L138 | https://github.com/storytold/photocraft/blob/ad863217386440ca968fccc9bfff65ba24e61142/crates/engine/src/smart_cmds.rs#L69
engine,filter.gallery.accentedEdges,filter,implemented,conditional,allowed,unexposed,,source_reviewed,typed_contract_not_implemented,"{""edgeWidth"":1..14=2,""edgeBrightness"":0..50=38,""smoothness"":1..15=5}",https://github.com/storytold/photocraft/blob/ad863217386440ca968fccc9bfff65ba24e61142/crates/engine/src/filters.rs#L178 | https://github.com/storytold/photocraft/blob/ad863217386440ca968fccc9bfff65ba24e61142/crates/engine/src/smart_cmds.rs#L69
engine,filter.gallery.angledStrokes,filter,implemented,conditional,allowed,unexposed,,source_reviewed,typed_contract_not_implemented,"{""directionBalance"":0..100=50,""strokeLength"":3..50=15,""sharpness"":0..10=3}",https://github.com/storytold/photocraft/blob/ad863217386440ca968fccc9bfff65ba24e61142/crates/engine/src/filters.rs#L178 | https://github.com/storytold/photocraft/blob/ad863217386440ca968fccc9bfff65ba24e61142/crates/engine/src/smart_cmds.rs#L69
engine,filter.gallery.basRelief,filter,implemented,conditional,allowed,unexposed,,source_reviewed,typed_contract_not_implemented,"{""detail"":1..15=13,""smoothness"":1..15=3,""light"":""bottom|bottomLeft|left|topLeft|top|topRight|right|bottomRight"",""foreground"":json,""background"":json}",https://github.com/storytold/photocraft/blob/ad863217386440ca968fccc9bfff65ba24e61142/crates/engine/src/filters.rs#L178 | https://github.com/storytold/photocraft/blob/ad863217386440ca968fccc9bfff65ba24e61142/crates/engine/src/smart_cmds.rs#L69
engine,filter.gallery.chalkCharcoal,filter,implemented,conditional,allowed,unexposed,,source_reviewed,typed_contract_not_implemented,"{""charcoalArea"":0..20=6,""chalkArea"":0..20=6,""strokePressure"":0..5=1,""foreground"":json,""background"":json}",https://github.com/storytold/photocraft/blob/ad863217386440ca968fccc9bfff65ba24e61142/crates/engine/src/filters.rs#L178 | https://github.com/storytold/photocraft/blob/ad863217386440ca968fccc9bfff65ba24e61142/crates/engine/src/smart_cmds.rs#L69
engine,filter.gallery.charcoal,filter,implemented,conditional,allowed,unexposed,,source_reviewed,typed_contract_not_implemented,"{""charcoalThickness"":1..7=1,""detail"":0..5=5,""lightDarkBalance"":0..100=50,""foreground"":json,""background"":json}",https://github.com/storytold/photocraft/blob/ad863217386440ca968fccc9bfff65ba24e61142/crates/engine/src/filters.rs#L178 | https://github.com/storytold/photocraft/blob/ad863217386440ca968fccc9bfff65ba24e61142/crates/engine/src/smart_cmds.rs#L69
engine,filter.gallery.chrome,filter,implemented,conditional,allowed,unexposed,,source_reviewed,typed_contract_not_implemented,"{""detail"":0..10=4,""smoothness"":0..10=7}",https://github.com/storytold/photocraft/blob/ad863217386440ca968fccc9bfff65ba24e61142/crates/engine/src/filters.rs#L178 | https://github.com/storytold/photocraft/blob/ad863217386440ca968fccc9bfff65ba24e61142/crates/engine/src/smart_cmds.rs#L69
engine,filter.gallery.coloredPencil,filter,implemented,conditional,allowed,unexposed,,source_reviewed,typed_contract_not_implemented,"{""pencilWidth"":1..24=4,""strokePressure"":0..15=8,""paperBrightness"":0..50=25}",https://github.com/storytold/photocraft/blob/ad863217386440ca968fccc9bfff65ba24e61142/crates/engine/src/filters.rs#L178 | https://github.com/storytold/photocraft/blob/ad863217386440ca968fccc9bfff65ba24e61142/crates/engine/src/smart_cmds.rs#L69
engine,filter.gallery.conteCrayon,filter,implemented,conditional,allowed,unexposed,,source_reviewed,typed_contract_not_implemented,"{""foregroundLevel"":1..15=11,""backgroundLevel"":1..15=7,""texture"":""canvas|brick|burlap|sandstone"",""scaling"":50..200=100,""relief"":0..50=4,""light"":""top|topRight|right|bottomRight|bottom|bottomLeft|left|topLeft"",""invert"":bool,""foreground"":json,""background"":json}",https://github.com/storytold/photocraft/blob/ad863217386440ca968fccc9bfff65ba24e61142/crates/engine/src/filters.rs#L178 | https://github.com/storytold/photocraft/blob/ad863217386440ca968fccc9bfff65ba24e61142/crates/engine/src/smart_cmds.rs#L69
engine,filter.gallery.craquelure,filter,implemented,conditional,allowed,unexposed,,source_reviewed,typed_contract_not_implemented,"{""crackSpacing"":2..100=15,""crackDepth"":0..10=6,""crackBrightness"":0..10=9}",https://github.com/storytold/photocraft/blob/ad863217386440ca968fccc9bfff65ba24e61142/crates/engine/src/filters.rs#L178 | https://github.com/storytold/photocraft/blob/ad863217386440ca968fccc9bfff65ba24e61142/crates/engine/src/smart_cmds.rs#L69
engine,filter.gallery.crosshatch,filter,implemented,conditional,allowed,unexposed,,source_reviewed,typed_contract_not_implemented,"{""strokeLength"":3..50=9,""sharpness"":0..20=6,""strength"":1..3=1}",https://github.com/storytold/photocraft/blob/ad863217386440ca968fccc9bfff65ba24e61142/crates/engine/src/filters.rs#L178 | https://github.com/storytold/photocraft/blob/ad863217386440ca968fccc9bfff65ba24e61142/crates/engine/src/smart_cmds.rs#L69
engine,filter.gallery.cutout,filter,implemented,conditional,allowed,unexposed,,source_reviewed,typed_contract_not_implemented,"{""numberOfLevels"":2..8=4,""edgeSimplicity"":0..10=4,""edgeFidelity"":1..3=2}",https://github.com/storytold/photocraft/blob/ad863217386440ca968fccc9bfff65ba24e61142/crates/engine/src/filters.rs#L178 | https://github.com/storytold/photocraft/blob/ad863217386440ca968fccc9bfff65ba24e61142/crates/engine/src/smart_cmds.rs#L69
engine,filter.gallery.darkStrokes,filter,implemented,conditional,allowed,unexposed,,source_reviewed,typed_contract_not_implemented,"{""balance"":0..10=5,""blackIntensity"":0..10=6,""whiteIntensity"":0..10=2}",https://github.com/storytold/photocraft/blob/ad863217386440ca968fccc9bfff65ba24e61142/crates/engine/src/filters.rs#L178 | https://github.com/storytold/photocraft/blob/ad863217386440ca968fccc9bfff65ba24e61142/crates/engine/src/smart_cmds.rs#L69
engine,filter.gallery.diffuseGlow,filter,implemented,conditional,allowed,unexposed,,source_reviewed,typed_contract_not_implemented,"{""graininess"":0..10=6,""glowAmount"":0..20=10,""clearAmount"":0..20=15,""background"":json}",https://github.com/storytold/photocraft/blob/ad863217386440ca968fccc9bfff65ba24e61142/crates/engine/src/filters.rs#L178 | https://github.com/storytold/photocraft/blob/ad863217386440ca968fccc9bfff65ba24e61142/crates/engine/src/smart_cmds.rs#L69
engine,filter.gallery.dryBrush,filter,implemented,conditional,allowed,unexposed,,source_reviewed,typed_contract_not_implemented,"{""brushSize"":0..10=2,""brushDetail"":0..10=8,""texture"":1..3=1}",https://github.com/storytold/photocraft/blob/ad863217386440ca968fccc9bfff65ba24e61142/crates/engine/src/filters.rs#L178 | https://github.com/storytold/photocraft/blob/ad863217386440ca968fccc9bfff65ba24e61142/crates/engine/src/smart_cmds.rs#L69
engine,filter.gallery.filmGrain,filter,implemented,conditional,allowed,unexposed,,source_reviewed,typed_contract_not_implemented,"{""grain"":0..20=4,""highlightArea"":0..20=0,""intensity"":0..10=10}",https://github.com/storytold/photocraft/blob/ad863217386440ca968fccc9bfff65ba24e61142/crates/engine/src/filters.rs#L178 | https://github.com/storytold/photocraft/blob/ad863217386440ca968fccc9bfff65ba24e61142/crates/engine/src/smart_cmds.rs#L69
engine,filter.gallery.fresco,filter,implemented,conditional,allowed,unexposed,,source_reviewed,typed_contract_not_implemented,"{""brushSize"":0..10=2,""brushDetail"":0..10=8,""texture"":1..3=1}",https://github.com/storytold/photocraft/blob/ad863217386440ca968fccc9bfff65ba24e61142/crates/engine/src/filters.rs#L178 | https://github.com/storytold/photocraft/blob/ad863217386440ca968fccc9bfff65ba24e61142/crates/engine/src/smart_cmds.rs#L69
engine,filter.gallery.glass,filter,implemented,conditional,allowed,unexposed,,source_reviewed,typed_contract_not_implemented,"{""distortion"":0..20=5,""smoothness"":1..15=3,""texture"":""frosted|blocks|canvas|tinyLens"",""scaling"":50..200=100,""invert"":bool}",https://github.com/storytold/photocraft/blob/ad863217386440ca968fccc9bfff65ba24e61142/crates/engine/src/filters.rs#L178 | https://github.com/storytold/photocraft/blob/ad863217386440ca968fccc9bfff65ba24e61142/crates/engine/src/smart_cmds.rs#L69
engine,filter.gallery.glowingEdges,filter,implemented,conditional,allowed,unexposed,,source_reviewed,typed_contract_not_implemented,"{""edgeWidth"":1..14=2,""edgeBrightness"":0..20=6,""smoothness"":1..15=5}",https://github.com/storytold/photocraft/blob/ad863217386440ca968fccc9bfff65ba24e61142/crates/engine/src/filters.rs#L178 | https://github.com/storytold/photocraft/blob/ad863217386440ca968fccc9bfff65ba24e61142/crates/engine/src/smart_cmds.rs#L69
engine,filter.gallery.grain,filter,implemented,conditional,allowed,unexposed,,source_reviewed,typed_contract_not_implemented,"{""intensity"":0..100=40,""contrast"":0..100=50,""grainType"":""regular|soft|sprinkles|clumped|contrasty|enlarged|stippled|horizontal|vertical|speckle"",""foreground"":json,""background"":json}",https://github.com/storytold/photocraft/blob/ad863217386440ca968fccc9bfff65ba24e61142/crates/engine/src/filters.rs#L178 | https://github.com/storytold/photocraft/blob/ad863217386440ca968fccc9bfff65ba24e61142/crates/engine/src/smart_cmds.rs#L69
engine,filter.gallery.graphicPen,filter,implemented,conditional,allowed,unexposed,,source_reviewed,typed_contract_not_implemented,"{""strokeLength"":1..15=15,""lightDarkBalance"":0..100=50,""strokeDirection"":""rightDiagonal|horizontal|leftDiagonal|vertical"",""foreground"":json,""background"":json}",https://github.com/storytold/photocraft/blob/ad863217386440ca968fccc9bfff65ba24e61142/crates/engine/src/filters.rs#L178 | https://github.com/storytold/photocraft/blob/ad863217386440ca968fccc9bfff65ba24e61142/crates/engine/src/smart_cmds.rs#L69
engine,filter.gallery.halftonePattern,filter,implemented,conditional,allowed,unexposed,,source_reviewed,typed_contract_not_implemented,"{""size"":1..12=1,""contrast"":0..50=5,""patternType"":""dot|circle|line"",""foreground"":json,""background"":json}",https://github.com/storytold/photocraft/blob/ad863217386440ca968fccc9bfff65ba24e61142/crates/engine/src/filters.rs#L178 | https://github.com/storytold/photocraft/blob/ad863217386440ca968fccc9bfff65ba24e61142/crates/engine/src/smart_cmds.rs#L69
engine,filter.gallery.inkOutlines,filter,implemented,conditional,allowed,unexposed,,source_reviewed,typed_contract_not_implemented,"{""strokeLength"":1..50=4,""darkIntensity"":0..50=20,""lightIntensity"":0..50=10}",https://github.com/storytold/photocraft/blob/ad863217386440ca968fccc9bfff65ba24e61142/crates/engine/src/filters.rs#L178 | https://github.com/storytold/photocraft/blob/ad863217386440ca968fccc9bfff65ba24e61142/crates/engine/src/smart_cmds.rs#L69
engine,filter.gallery.mosaicTiles,filter,implemented,conditional,allowed,unexposed,,source_reviewed,typed_contract_not_implemented,"{""tileSize"":2..100=12,""groutWidth"":1..15=3,""lightenGrout"":0..10=9}",https://github.com/storytold/photocraft/blob/ad863217386440ca968fccc9bfff65ba24e61142/crates/engine/src/filters.rs#L178 | https://github.com/storytold/photocraft/blob/ad863217386440ca968fccc9bfff65ba24e61142/crates/engine/src/smart_cmds.rs#L69
engine,filter.gallery.neonGlow,filter,implemented,conditional,allowed,unexposed,,source_reviewed,typed_contract_not_implemented,"{""glowSize"":-24..24=5,""glowBrightness"":0..50=15,""glowColor"":json}",https://github.com/storytold/photocraft/blob/ad863217386440ca968fccc9bfff65ba24e61142/crates/engine/src/filters.rs#L178 | https://github.com/storytold/photocraft/blob/ad863217386440ca968fccc9bfff65ba24e61142/crates/engine/src/smart_cmds.rs#L69
engine,filter.gallery.notePaper,filter,implemented,conditional,allowed,unexposed,,source_reviewed,typed_contract_not_implemented,"{""imageBalance"":0..50=25,""graininess"":0..20=10,""relief"":0..25=11,""foreground"":json,""background"":json}",https://github.com/storytold/photocraft/blob/ad863217386440ca968fccc9bfff65ba24e61142/crates/engine/src/filters.rs#L178 | https://github.com/storytold/photocraft/blob/ad863217386440ca968fccc9bfff65ba24e61142/crates/engine/src/smart_cmds.rs#L69
engine,filter.gallery.oceanRipple,filter,implemented,conditional,allowed,unexposed,,source_reviewed,typed_contract_not_implemented,"{""rippleSize"":1..15=9,""rippleMagnitude"":0..20=9}",https://github.com/storytold/photocraft/blob/ad863217386440ca968fccc9bfff65ba24e61142/crates/engine/src/filters.rs#L178 | https://github.com/storytold/photocraft/blob/ad863217386440ca968fccc9bfff65ba24e61142/crates/engine/src/smart_cmds.rs#L69
engine,filter.gallery.paintDaubs,filter,implemented,conditional,allowed,unexposed,,source_reviewed,typed_contract_not_implemented,"{""brushSize"":1..50=8,""sharpness"":0..40=7,""brushType"":""simple|lightRough|darkRough|wideSharp|wideBlurry|sparkle""}",https://github.com/storytold/photocraft/blob/ad863217386440ca968fccc9bfff65ba24e61142/crates/engine/src/filters.rs#L178 | https://github.com/storytold/photocraft/blob/ad863217386440ca968fccc9bfff65ba24e61142/crates/engine/src/smart_cmds.rs#L69
engine,filter.gallery.paletteKnife,filter,implemented,conditional,allowed,unexposed,,source_reviewed,typed_contract_not_implemented,"{""strokeSize"":1..50=25,""strokeDetail"":1..3=3,""softness"":0..10=0}",https://github.com/storytold/photocraft/blob/ad863217386440ca968fccc9bfff65ba24e61142/crates/engine/src/filters.rs#L178 | https://github.com/storytold/photocraft/blob/ad863217386440ca968fccc9bfff65ba24e61142/crates/engine/src/smart_cmds.rs#L69
engine,filter.gallery.patchwork,filter,implemented,conditional,allowed,unexposed,,source_reviewed,typed_contract_not_implemented,"{""squareSize"":0..10=4,""relief"":0..25=8}",https://github.com/storytold/photocraft/blob/ad863217386440ca968fccc9bfff65ba24e61142/crates/engine/src/filters.rs#L178 | https://github.com/storytold/photocraft/blob/ad863217386440ca968fccc9bfff65ba24e61142/crates/engine/src/smart_cmds.rs#L69
engine,filter.gallery.photocopy,filter,implemented,conditional,allowed,unexposed,,source_reviewed,typed_contract_not_implemented,"{""detail"":1..24=7,""darkness"":1..50=8,""foreground"":json,""background"":json}",https://github.com/storytold/photocraft/blob/ad863217386440ca968fccc9bfff65ba24e61142/crates/engine/src/filters.rs#L178 | https://github.com/storytold/photocraft/blob/ad863217386440ca968fccc9bfff65ba24e61142/crates/engine/src/smart_cmds.rs#L69
engine,filter.gallery.plaster,filter,implemented,conditional,allowed,unexposed,,source_reviewed,typed_contract_not_implemented,"{""imageBalance"":0..50=20,""smoothness"":1..15=2,""light"":""top|topRight|right|bottomRight|bottom|bottomLeft|left|topLeft"",""foreground"":json,""background"":json}",https://github.com/storytold/photocraft/blob/ad863217386440ca968fccc9bfff65ba24e61142/crates/engine/src/filters.rs#L178 | https://github.com/storytold/photocraft/blob/ad863217386440ca968fccc9bfff65ba24e61142/crates/engine/src/smart_cmds.rs#L69
engine,filter.gallery.plasticWrap,filter,implemented,conditional,allowed,unexposed,,source_reviewed,typed_contract_not_implemented,"{""highlightStrength"":0..20=15,""detail"":1..15=9,""smoothness"":1..15=7}",https://github.com/storytold/photocraft/blob/ad863217386440ca968fccc9bfff65ba24e61142/crates/engine/src/filters.rs#L178 | https://github.com/storytold/photocraft/blob/ad863217386440ca968fccc9bfff65ba24e61142/crates/engine/src/smart_cmds.rs#L69
engine,filter.gallery.posterEdges,filter,implemented,conditional,allowed,unexposed,,source_reviewed,typed_contract_not_implemented,"{""edgeThickness"":0..10=2,""edgeIntensity"":0..10=1,""posterization"":0..6=2}",https://github.com/storytold/photocraft/blob/ad863217386440ca968fccc9bfff65ba24e61142/crates/engine/src/filters.rs#L178 | https://github.com/storytold/photocraft/blob/ad863217386440ca968fccc9bfff65ba24e61142/crates/engine/src/smart_cmds.rs#L69
engine,filter.gallery.reticulation,filter,implemented,conditional,allowed,unexposed,,source_reviewed,typed_contract_not_implemented,"{""density"":0..50=12,""foregroundLevel"":0..50=40,""backgroundLevel"":0..50=5,""foreground"":json,""background"":json}",https://github.com/storytold/photocraft/blob/ad863217386440ca968fccc9bfff65ba24e61142/crates/engine/src/filters.rs#L178 | https://github.com/storytold/photocraft/blob/ad863217386440ca968fccc9bfff65ba24e61142/crates/engine/src/smart_cmds.rs#L69
engine,filter.gallery.roughPastels,filter,implemented,conditional,allowed,unexposed,,source_reviewed,typed_contract_not_implemented,"{""strokeLength"":0..40=6,""strokeDetail"":1..20=4,""texture"":""canvas|brick|burlap|sandstone"",""scaling"":50..200=100,""relief"":0..50=20,""light"":""bottom|bottomLeft|left|topLeft|top|topRight|right|bottomRight"",""invert"":bool}",https://github.com/storytold/photocraft/blob/ad863217386440ca968fccc9bfff65ba24e61142/crates/engine/src/filters.rs#L178 | https://github.com/storytold/photocraft/blob/ad863217386440ca968fccc9bfff65ba24e61142/crates/engine/src/smart_cmds.rs#L69
engine,filter.gallery.smudgeStick,filter,implemented,conditional,allowed,unexposed,,source_reviewed,typed_contract_not_implemented,"{""strokeLength"":0..10=2,""highlightArea"":0..20=0,""intensity"":0..10=10}",https://github.com/storytold/photocraft/blob/ad863217386440ca968fccc9bfff65ba24e61142/crates/engine/src/filters.rs#L178 | https://github.com/storytold/photocraft/blob/ad863217386440ca968fccc9bfff65ba24e61142/crates/engine/src/smart_cmds.rs#L69
engine,filter.gallery.spatter,filter,implemented,conditional,allowed,unexposed,,source_reviewed,typed_contract_not_implemented,"{""sprayRadius"":0..25=10,""smoothness"":1..15=5}",https://github.com/storytold/photocraft/blob/ad863217386440ca968fccc9bfff65ba24e61142/crates/engine/src/filters.rs#L178 | https://github.com/storytold/photocraft/blob/ad863217386440ca968fccc9bfff65ba24e61142/crates/engine/src/smart_cmds.rs#L69
engine,filter.gallery.sponge,filter,implemented,conditional,allowed,unexposed,,source_reviewed,typed_contract_not_implemented,"{""brushSize"":0..10=2,""definition"":0..25=12,""smoothness"":1..15=5}",https://github.com/storytold/photocraft/blob/ad863217386440ca968fccc9bfff65ba24e61142/crates/engine/src/filters.rs#L178 | https://github.com/storytold/photocraft/blob/ad863217386440ca968fccc9bfff65ba24e61142/crates/engine/src/smart_cmds.rs#L69
engine,filter.gallery.sprayedStrokes,filter,implemented,conditional,allowed,unexposed,,source_reviewed,typed_contract_not_implemented,"{""strokeLength"":0..20=12,""sprayRadius"":0..25=7,""strokeDirection"":""rightDiagonal|horizontal|leftDiagonal|vertical""}",https://github.com/storytold/photocraft/blob/ad863217386440ca968fccc9bfff65ba24e61142/crates/engine/src/filters.rs#L178 | https://github.com/storytold/photocraft/blob/ad863217386440ca968fccc9bfff65ba24e61142/crates/engine/src/smart_cmds.rs#L69
engine,filter.gallery.stainedGlass,filter,implemented,conditional,allowed,unexposed,,source_reviewed,typed_contract_not_implemented,"{""cellSize"":2..50=10,""borderThickness"":1..20=4,""lightIntensity"":0..10=3,""foreground"":json}",https://github.com/storytold/photocraft/blob/ad863217386440ca968fccc9bfff65ba24e61142/crates/engine/src/filters.rs#L178 | https://github.com/storytold/photocraft/blob/ad863217386440ca968fccc9bfff65ba24e61142/crates/engine/src/smart_cmds.rs#L69
engine,filter.gallery.stamp,filter,implemented,conditional,allowed,unexposed,,source_reviewed,typed_contract_not_implemented,"{""lightDarkBalance"":0..50=25,""smoothness"":1..50=5,""foreground"":json,""background"":json}",https://github.com/storytold/photocraft/blob/ad863217386440ca968fccc9bfff65ba24e61142/crates/engine/src/filters.rs#L178 | https://github.com/storytold/photocraft/blob/ad863217386440ca968fccc9bfff65ba24e61142/crates/engine/src/smart_cmds.rs#L69
engine,filter.gallery.sumiE,filter,implemented,conditional,allowed,unexposed,,source_reviewed,typed_contract_not_implemented,"{""strokeWidth"":3..15=10,""strokePressure"":0..15=2,""contrast"":0..40=16}",https://github.com/storytold/photocraft/blob/ad863217386440ca968fccc9bfff65ba24e61142/crates/engine/src/filters.rs#L178 | https://github.com/storytold/photocraft/blob/ad863217386440ca968fccc9bfff65ba24e61142/crates/engine/src/smart_cmds.rs#L69
engine,filter.gallery.texturizer,filter,implemented,conditional,allowed,unexposed,,source_reviewed,typed_contract_not_implemented,"{""texture"":""canvas|brick|burlap|sandstone"",""scaling"":50..200=100,""relief"":0..50=4,""light"":""top|topRight|right|bottomRight|bottom|bottomLeft|left|topLeft"",""invert"":bool}",https://github.com/storytold/photocraft/blob/ad863217386440ca968fccc9bfff65ba24e61142/crates/engine/src/filters.rs#L178 | https://github.com/storytold/photocraft/blob/ad863217386440ca968fccc9bfff65ba24e61142/crates/engine/src/smart_cmds.rs#L69
engine,filter.gallery.tornEdges,filter,implemented,conditional,allowed,unexposed,,source_reviewed,typed_contract_not_implemented,"{""imageBalance"":0..50=25,""smoothness"":1..15=11,""contrast"":1..25=17,""foreground"":json,""background"":json}",https://github.com/storytold/photocraft/blob/ad863217386440ca968fccc9bfff65ba24e61142/crates/engine/src/filters.rs#L178 | https://github.com/storytold/photocraft/blob/ad863217386440ca968fccc9bfff65ba24e61142/crates/engine/src/smart_cmds.rs#L69
engine,filter.gallery.underpainting,filter,implemented,conditional,allowed,unexposed,,source_reviewed,typed_contract_not_implemented,"{""brushSize"":0..40=6,""textureCoverage"":0..40=16,""texture"":""canvas|brick|burlap|sandstone"",""scaling"":50..200=100,""relief"":0..50=4,""light"":""top|topRight|right|bottomRight|bottom|bottomLeft|left|topLeft"",""invert"":bool}",https://github.com/storytold/photocraft/blob/ad863217386440ca968fccc9bfff65ba24e61142/crates/engine/src/filters.rs#L178 | https://github.com/storytold/photocraft/blob/ad863217386440ca968fccc9bfff65ba24e61142/crates/engine/src/smart_cmds.rs#L69
engine,filter.gallery.waterPaper,filter,implemented,conditional,allowed,unexposed,,source_reviewed,typed_contract_not_implemented,"{""fiberLength"":3..50=15,""brightness"":0..100=60,""contrast"":0..100=80}",https://github.com/storytold/photocraft/blob/ad863217386440ca968fccc9bfff65ba24e61142/crates/engine/src/filters.rs#L178 | https://github.com/storytold/photocraft/blob/ad863217386440ca968fccc9bfff65ba24e61142/crates/engine/src/smart_cmds.rs#L69
engine,filter.gallery.watercolor,filter,implemented,conditional,allowed,unexposed,,source_reviewed,typed_contract_not_implemented,"{""brushDetail"":1..14=9,""shadowIntensity"":0..10=1,""texture"":1..3=1}",https://github.com/storytold/photocraft/blob/ad863217386440ca968fccc9bfff65ba24e61142/crates/engine/src/filters.rs#L178 | https://github.com/storytold/photocraft/blob/ad863217386440ca968fccc9bfff65ba24e61142/crates/engine/src/smart_cmds.rs#L69
engine,filter.lastFilter,filter,implemented,conditional,allowed,unexposed,,source_reviewed,typed_contract_not_implemented,{},https://github.com/storytold/photocraft/blob/ad863217386440ca968fccc9bfff65ba24e61142/crates/engine/src/filters.rs#L306 | https://github.com/storytold/photocraft/blob/ad863217386440ca968fccc9bfff65ba24e61142/crates/engine/src/smart_cmds.rs#L69
engine,filter.lensCorrection,filter,implemented,conditional,allowed,unexposed,,source_reviewed,typed_contract_not_implemented,"{""profile"":""none|auto|generic"",""focalLength"":mm=0,""correctDistortion"":bool=true,""correctVignette"":bool=true,""correctCA"":bool=true,""autoScale"":bool=false,""distortion"":-100..100=0,""redCyan"":-100..100=0,""blueYellow"":-100..100=0,""vignetteAmount"":-100..100=0,""vignetteMidpoint"":0..100=50,""vertical"":-100..100=0,""horizontal"":-100..100=0,""angle"":-180..180=0,""scale"":50..150=100,""edge"":""transparency|edgeExtension|black|white"",""straighten"":[[x,y],[x,y]]?}",https://github.com/storytold/photocraft/blob/ad863217386440ca968fccc9bfff65ba24e61142/crates/engine/src/lens_cmds.rs#L293 | https://github.com/storytold/photocraft/blob/ad863217386440ca968fccc9bfff65ba24e61142/crates/engine/src/lens_cmds.rs#L24 | https://github.com/storytold/photocraft/blob/ad863217386440ca968fccc9bfff65ba24e61142/crates/engine/src/smart_cmds.rs#L69
engine,filter.liquify,filter,implemented,conditional,allowed,unexposed,,source_reviewed,typed_contract_not_implemented,"{""strokes"":[{""tool"":""forwardWarp|reconstruct|smooth|twirlCw|twirlCcw|pucker|bloat|pushLeft|freeze|thaw|reconstructAll"",""size"":px=100,""density"":0-100=50,""pressure"":0-100=100,""rate"":0-100=80,""points"":[[x,y,pressure?]…],""amount"":%? (reconstructAll)}…],""meshSize"":px? (field resolution, px per node; default 2, or 4 above 4 MP),""layer"":id?} — strokes replay in order on a fresh field; a selection limits the effect; on a smart object it becomes a smart filter",https://github.com/storytold/photocraft/blob/ad863217386440ca968fccc9bfff65ba24e61142/crates/engine/src/distort_cmds.rs#L274 | https://github.com/storytold/photocraft/blob/ad863217386440ca968fccc9bfff65ba24e61142/crates/engine/src/distort_cmds.rs#L27 | https://github.com/storytold/photocraft/blob/ad863217386440ca968fccc9bfff65ba24e61142/crates/engine/src/smart_cmds.rs#L69
engine,filter.noise.addNoise,filter,implemented,conditional,allowed,unexposed,,source_reviewed,typed_contract_not_implemented,"{""amount"":0.1..400=12.5,""distribution"":""uniform|gaussian"",""monochromatic"":bool,""seed"":u32=0}",https://github.com/storytold/photocraft/blob/ad863217386440ca968fccc9bfff65ba24e61142/crates/engine/src/filters.rs#L178 | https://github.com/storytold/photocraft/blob/ad863217386440ca968fccc9bfff65ba24e61142/crates/engine/src/filters.rs#L274 | https://github.com/storytold/photocraft/blob/ad863217386440ca968fccc9bfff65ba24e61142/crates/engine/src/smart_cmds.rs#L69
engine,filter.noise.despeckle,filter,implemented,conditional,allowed,partial,noise_despeckle,source_reviewed,reviewed_bounded_typed_subset,{},https://github.com/storytold/photocraft/blob/ad863217386440ca968fccc9bfff65ba24e61142/crates/engine/src/filters.rs#L178 | https://github.com/storytold/photocraft/blob/ad863217386440ca968fccc9bfff65ba24e61142/crates/engine/src/filters.rs#L251 | https://github.com/storytold/photocraft/blob/ad863217386440ca968fccc9bfff65ba24e61142/crates/engine/src/smart_cmds.rs#L69
engine,filter.noise.dustAndScratches,filter,implemented,conditional,allowed,unexposed,,source_reviewed,typed_contract_not_implemented,"{""radius"":1..500=1,""threshold"":0..255=0}",https://github.com/storytold/photocraft/blob/ad863217386440ca968fccc9bfff65ba24e61142/crates/engine/src/filters.rs#L178 | https://github.com/storytold/photocraft/blob/ad863217386440ca968fccc9bfff65ba24e61142/crates/engine/src/filters.rs#L280 | https://github.com/storytold/photocraft/blob/ad863217386440ca968fccc9bfff65ba24e61142/crates/engine/src/smart_cmds.rs#L69
engine,filter.noise.median,filter,implemented,conditional,allowed,unexposed,,source_reviewed,typed_contract_not_implemented,"{""radius"":1..500=1}",https://github.com/storytold/photocraft/blob/ad863217386440ca968fccc9bfff65ba24e61142/crates/engine/src/filters.rs#L178 | https://github.com/storytold/photocraft/blob/ad863217386440ca968fccc9bfff65ba24e61142/crates/engine/src/filters.rs#L279 | https://github.com/storytold/photocraft/blob/ad863217386440ca968fccc9bfff65ba24e61142/crates/engine/src/smart_cmds.rs#L69
engine,filter.noise.reduceNoise,filter,implemented,conditional,allowed,partial,noise_reduce,source_reviewed,reviewed_bounded_typed_subset,"{""strength"":0..10=6,""preserveDetails"":0..100=60,""reduceColorNoise"":0..100=45,""sharpenDetails"":0..100=25,""removeJpegArtifact"":bool}",https://github.com/storytold/photocraft/blob/ad863217386440ca968fccc9bfff65ba24e61142/crates/engine/src/filters.rs#L178 | https://github.com/storytold/photocraft/blob/ad863217386440ca968fccc9bfff65ba24e61142/crates/engine/src/filters_ext.rs#L531 | https://github.com/storytold/photocraft/blob/ad863217386440ca968fccc9bfff65ba24e61142/crates/engine/src/smart_cmds.rs#L69
engine,filter.other.custom,filter,implemented,conditional,allowed,unexposed,,source_reviewed,typed_contract_not_implemented,"{""kernel"":int[25],""scale"":1..9999=1,""offset"":-9999..9999=0}",https://github.com/storytold/photocraft/blob/ad863217386440ca968fccc9bfff65ba24e61142/crates/engine/src/filters.rs#L178 | https://github.com/storytold/photocraft/blob/ad863217386440ca968fccc9bfff65ba24e61142/crates/engine/src/filters_ext.rs#L587 | https://github.com/storytold/photocraft/blob/ad863217386440ca968fccc9bfff65ba24e61142/crates/engine/src/smart_cmds.rs#L69
engine,filter.other.highPass,filter,implemented,conditional,allowed,unexposed,,source_reviewed,typed_contract_not_implemented,"{""radius"":0.1..1000=10}",https://github.com/storytold/photocraft/blob/ad863217386440ca968fccc9bfff65ba24e61142/crates/engine/src/filters.rs#L178 | https://github.com/storytold/photocraft/blob/ad863217386440ca968fccc9bfff65ba24e61142/crates/engine/src/filters.rs#L296 | https://github.com/storytold/photocraft/blob/ad863217386440ca968fccc9bfff65ba24e61142/crates/engine/src/smart_cmds.rs#L69
engine,filter.other.hsbHsl,filter,implemented,conditional,allowed,unexposed,,source_reviewed,typed_contract_not_implemented,"{""inputMode"":""rgb|hsb|hsl"",""rowOrder"":""hsb|hsl|rgb""}",https://github.com/storytold/photocraft/blob/ad863217386440ca968fccc9bfff65ba24e61142/crates/engine/src/filters.rs#L178 | https://github.com/storytold/photocraft/blob/ad863217386440ca968fccc9bfff65ba24e61142/crates/engine/src/filters_ext.rs#L588 | https://github.com/storytold/photocraft/blob/ad863217386440ca968fccc9bfff65ba24e61142/crates/engine/src/smart_cmds.rs#L69
engine,filter.other.maximum,filter,implemented,conditional,allowed,unexposed,,source_reviewed,typed_contract_not_implemented,"{""radius"":0.2..500=1,""preserve"":""squareness|roundness""}",https://github.com/storytold/photocraft/blob/ad863217386440ca968fccc9bfff65ba24e61142/crates/engine/src/filters.rs#L178 | https://github.com/storytold/photocraft/blob/ad863217386440ca968fccc9bfff65ba24e61142/crates/engine/src/filters.rs#L298 | https://github.com/storytold/photocraft/blob/ad863217386440ca968fccc9bfff65ba24e61142/crates/engine/src/smart_cmds.rs#L69
engine,filter.other.minimum,filter,implemented,conditional,allowed,unexposed,,source_reviewed,typed_contract_not_implemented,"{""radius"":0.2..500=1,""preserve"":""squareness|roundness""}",https://github.com/storytold/photocraft/blob/ad863217386440ca968fccc9bfff65ba24e61142/crates/engine/src/filters.rs#L178 | https://github.com/storytold/photocraft/blob/ad863217386440ca968fccc9bfff65ba24e61142/crates/engine/src/filters.rs#L297 | https://github.com/storytold/photocraft/blob/ad863217386440ca968fccc9bfff65ba24e61142/crates/engine/src/smart_cmds.rs#L69
engine,filter.other.offset,filter,implemented,conditional,allowed,unexposed,,source_reviewed,typed_contract_not_implemented,"{""horizontal"":px=0,""vertical"":px=0,""undefinedAreas"":""wrap|repeat|transparent""}",https://github.com/storytold/photocraft/blob/ad863217386440ca968fccc9bfff65ba24e61142/crates/engine/src/filters.rs#L178 | https://github.com/storytold/photocraft/blob/ad863217386440ca968fccc9bfff65ba24e61142/crates/engine/src/filters.rs#L300 | https://github.com/storytold/photocraft/blob/ad863217386440ca968fccc9bfff65ba24e61142/crates/engine/src/smart_cmds.rs#L69
engine,filter.pixelate.colorHalftone,filter,implemented,conditional,allowed,unexposed,,source_reviewed,typed_contract_not_implemented,"{""maxRadius"":4..127=8,""channel1"":-360..360=108,""channel2"":-360..360=162,""channel3"":-360..360=90,""channel4"":-360..360=45}",https://github.com/storytold/photocraft/blob/ad863217386440ca968fccc9bfff65ba24e61142/crates/engine/src/filters.rs#L178 | https://github.com/storytold/photocraft/blob/ad863217386440ca968fccc9bfff65ba24e61142/crates/engine/src/filters_ext.rs#L459 | https://github.com/storytold/photocraft/blob/ad863217386440ca968fccc9bfff65ba24e61142/crates/engine/src/smart_cmds.rs#L69
engine,filter.pixelate.crystallize,filter,implemented,conditional,allowed,unexposed,,source_reviewed,typed_contract_not_implemented,"{""cellSize"":3..300=10,""seed"":u32=0}",https://github.com/storytold/photocraft/blob/ad863217386440ca968fccc9bfff65ba24e61142/crates/engine/src/filters.rs#L178 | https://github.com/storytold/photocraft/blob/ad863217386440ca968fccc9bfff65ba24e61142/crates/engine/src/filters_ext.rs#L464 | https://github.com/storytold/photocraft/blob/ad863217386440ca968fccc9bfff65ba24e61142/crates/engine/src/smart_cmds.rs#L69
engine,filter.pixelate.facet,filter,implemented,conditional,allowed,unexposed,,source_reviewed,typed_contract_not_implemented,{},https://github.com/storytold/photocraft/blob/ad863217386440ca968fccc9bfff65ba24e61142/crates/engine/src/filters.rs#L178 | https://github.com/storytold/photocraft/blob/ad863217386440ca968fccc9bfff65ba24e61142/crates/engine/src/filters_ext.rs#L465 | https://github.com/storytold/photocraft/blob/ad863217386440ca968fccc9bfff65ba24e61142/crates/engine/src/smart_cmds.rs#L69
engine,filter.pixelate.fragment,filter,implemented,conditional,allowed,unexposed,,source_reviewed,typed_contract_not_implemented,{},https://github.com/storytold/photocraft/blob/ad863217386440ca968fccc9bfff65ba24e61142/crates/engine/src/filters.rs#L178 | https://github.com/storytold/photocraft/blob/ad863217386440ca968fccc9bfff65ba24e61142/crates/engine/src/filters_ext.rs#L466 | https://github.com/storytold/photocraft/blob/ad863217386440ca968fccc9bfff65ba24e61142/crates/engine/src/smart_cmds.rs#L69
engine,filter.pixelate.mezzotint,filter,implemented,conditional,allowed,unexposed,,source_reviewed,typed_contract_not_implemented,"{""type"":""fineDots|mediumDots|grainyDots|coarseDots|shortLines|mediumLines|longLines|shortStrokes|mediumStrokes|longStrokes"",""seed"":u32=0}",https://github.com/storytold/photocraft/blob/ad863217386440ca968fccc9bfff65ba24e61142/crates/engine/src/filters.rs#L178 | https://github.com/storytold/photocraft/blob/ad863217386440ca968fccc9bfff65ba24e61142/crates/engine/src/filters_ext.rs#L468 | https://github.com/storytold/photocraft/blob/ad863217386440ca968fccc9bfff65ba24e61142/crates/engine/src/smart_cmds.rs#L69
engine,filter.pixelate.mosaic,filter,implemented,conditional,allowed,unexposed,,source_reviewed,typed_contract_not_implemented,"{""cellSize"":2..200=10}",https://github.com/storytold/photocraft/blob/ad863217386440ca968fccc9bfff65ba24e61142/crates/engine/src/filters.rs#L178 | https://github.com/storytold/photocraft/blob/ad863217386440ca968fccc9bfff65ba24e61142/crates/engine/src/filters.rs#L281 | https://github.com/storytold/photocraft/blob/ad863217386440ca968fccc9bfff65ba24e61142/crates/engine/src/smart_cmds.rs#L69
engine,filter.pixelate.pointillize,filter,implemented,conditional,allowed,unexposed,,source_reviewed,typed_contract_not_implemented,"{""cellSize"":3..300=5,""seed"":u32=0,""background"":json}",https://github.com/storytold/photocraft/blob/ad863217386440ca968fccc9bfff65ba24e61142/crates/engine/src/filters.rs#L178 | https://github.com/storytold/photocraft/blob/ad863217386440ca968fccc9bfff65ba24e61142/crates/engine/src/filters_ext.rs#L473 | https://github.com/storytold/photocraft/blob/ad863217386440ca968fccc9bfff65ba24e61142/crates/engine/src/smart_cmds.rs#L69
engine,filter.render.clouds,filter,implemented,allowed,allowed,unexposed,,source_reviewed,typed_contract_not_implemented,"{""seed"":u32=0}",https://github.com/storytold/photocraft/blob/ad863217386440ca968fccc9bfff65ba24e61142/crates/engine/src/extra_cmds.rs#L237 | https://github.com/storytold/photocraft/blob/ad863217386440ca968fccc9bfff65ba24e61142/crates/engine/src/extra_cmds.rs#L677
engine,filter.render.differenceClouds,filter,implemented,allowed,allowed,unexposed,,source_reviewed,typed_contract_not_implemented,"{""seed"":u32=0}",https://github.com/storytold/photocraft/blob/ad863217386440ca968fccc9bfff65ba24e61142/crates/engine/src/extra_cmds.rs#L237 | https://github.com/storytold/photocraft/blob/ad863217386440ca968fccc9bfff65ba24e61142/crates/engine/src/extra_cmds.rs#L678
engine,filter.render.fibers,filter,implemented,conditional,allowed,unexposed,,source_reviewed,typed_contract_not_implemented,"{""variance"":1..64=16,""strength"":1..64=4,""seed"":u32=0,""foreground"":json,""background"":json}",https://github.com/storytold/photocraft/blob/ad863217386440ca968fccc9bfff65ba24e61142/crates/engine/src/filters.rs#L178 | https://github.com/storytold/photocraft/blob/ad863217386440ca968fccc9bfff65ba24e61142/crates/engine/src/filters_ext.rs#L512 | https://github.com/storytold/photocraft/blob/ad863217386440ca968fccc9bfff65ba24e61142/crates/engine/src/smart_cmds.rs#L69
engine,filter.render.flame,filter,implemented,allowed,allowed,unexposed,,source_reviewed,typed_contract_not_implemented,"{""flameType"":""oneFlameAlongPath|multipleFlamesAlongPath|multipleFlamesPathDirections|multipleFlamesVariousLength|candleLight|multipleFlamesOneDirection"",""length"":1..1000=150,""randomizeLength"":bool,""width"":1..1000=40,""angle"":-180..180=0,""interval"":1..1000=60,""adjustIntervalForLoops"":bool=true,""useCustomColor"":bool,""color"":color,""turbulent"":0..100=25,""jag"":0..100=25,""opacity"":0..100=75,""flameLines"":1..100=20,""flameBottomAlignment"":0..100=20,""flameStyle"":""normal|violent|flat"",""flameShape"":""parallel|toCenter|spread|oval|pointed"",""randomizeShapes"":bool,""seed"":u32=0,""quality"":""draft|low|medium|high|fine"",""path"":text,""newLayer"":bool} → {layer,newLayer,bounds,primitives,usedPath}",https://github.com/storytold/photocraft/blob/ad863217386440ca968fccc9bfff65ba24e61142/crates/engine/src/render_cmds.rs#L129 | https://github.com/storytold/photocraft/blob/ad863217386440ca968fccc9bfff65ba24e61142/crates/engine/src/render_cmds.rs#L188
engine,filter.render.lensFlare,filter,implemented,conditional,allowed,unexposed,,source_reviewed,typed_contract_not_implemented,"{""brightness"":10..300=100,""centerX"":0..1=0.5,""centerY"":0..1=0.5,""lens"":""zoom|prime35|prime105|moviePrime""}",https://github.com/storytold/photocraft/blob/ad863217386440ca968fccc9bfff65ba24e61142/crates/engine/src/filters.rs#L178 | https://github.com/storytold/photocraft/blob/ad863217386440ca968fccc9bfff65ba24e61142/crates/engine/src/filters_ext.rs#L518 | https://github.com/storytold/photocraft/blob/ad863217386440ca968fccc9bfff65ba24e61142/crates/engine/src/smart_cmds.rs#L69
engine,filter.render.lightingEffects,filter,implemented,conditional,allowed,unexposed,,source_reviewed,typed_contract_not_implemented,"{""lightType"":""spot|point|infinite"",""intensity"":-100..100=75,""lightX"":0..1=0.25,""lightY"":0..1=0.2,""lightZ"":0..2=0.6,""targetX"":0..1=0.5,""targetY"":0..1=0.55,""cone"":1..89=45,""hotspot"":0..100=50,""angle"":-180..180=135,""elevation"":0..90=45,""gloss"":-100..100=0,""metallic"":-100..100=0,""exposure"":-100..100=0,""ambience"":-100..100=8,""texture"":""none|red|green|blue|alpha|luminance"",""height"":0..100=50,""whiteIsHigh"":bool=true,""lights"":json}",https://github.com/storytold/photocraft/blob/ad863217386440ca968fccc9bfff65ba24e61142/crates/engine/src/filters.rs#L178 | https://github.com/storytold/photocraft/blob/ad863217386440ca968fccc9bfff65ba24e61142/crates/engine/src/filters_ext.rs#L524 | https://github.com/storytold/photocraft/blob/ad863217386440ca968fccc9bfff65ba24e61142/crates/engine/src/smart_cmds.rs#L69
engine,filter.render.pictureFrame,filter,implemented,allowed,allowed,unexposed,,source_reviewed,typed_contract_not_implemented,"{""frame"":""vineWithFlowers|vineWithLeaves|ivy|roses|daisies|berries|bamboo|waves|zigzag|dots|rope|scallops|doubleLine|snowflakes|stars|hearts"",""margin"":0..30=4,""size"":1..100=50,""arrangement"":1..100=50,""lines"":1..5=1,""thickness"":1..100=30,""fade"":0..100=0,""vineColor"":color,""flowerColor"":color,""leafColor"":color,""seed"":u32=0,""newLayer"":bool} → {layer,newLayer,bounds,primitives,frame}",https://github.com/storytold/photocraft/blob/ad863217386440ca968fccc9bfff65ba24e61142/crates/engine/src/render_cmds.rs#L171 | https://github.com/storytold/photocraft/blob/ad863217386440ca968fccc9bfff65ba24e61142/crates/engine/src/render_cmds.rs#L198
engine,filter.render.tree,filter,implemented,allowed,allowed,unexposed,,source_reviewed,typed_contract_not_implemented,"{""baseTreeType"":1..34=1,""lightDirection"":1..5=3,""leavesAmount"":0..100=50,""leavesSize"":0..200=100,""branchesHeight"":50..300=100,""branchesThickness"":50..200=100,""defaultLeaves"":bool=true,""leavesColor"":color,""customBranchColor"":bool,""branchesColor"":color,""flatShading"":bool,""seed"":u32=0,""x"":0..1=0.5,""y"":0..1=0.95,""size"":0.05..2=0.8,""newLayer"":bool} → {layer,newLayer,bounds,primitives,treeType}",https://github.com/storytold/photocraft/blob/ad863217386440ca968fccc9bfff65ba24e61142/crates/engine/src/render_cmds.rs#L156 | https://github.com/storytold/photocraft/blob/ad863217386440ca968fccc9bfff65ba24e61142/crates/engine/src/render_cmds.rs#L208
engine,filter.sharpen.sharpen,filter,implemented,conditional,allowed,unexposed,,source_reviewed,typed_contract_not_implemented,{},https://github.com/storytold/photocraft/blob/ad863217386440ca968fccc9bfff65ba24e61142/crates/engine/src/filters.rs#L178 | https://github.com/storytold/photocraft/blob/ad863217386440ca968fccc9bfff65ba24e61142/crates/engine/src/filters.rs#L248 | https://github.com/storytold/photocraft/blob/ad863217386440ca968fccc9bfff65ba24e61142/crates/engine/src/smart_cmds.rs#L69
engine,filter.sharpen.sharpenEdges,filter,implemented,conditional,allowed,unexposed,,source_reviewed,typed_contract_not_implemented,{},https://github.com/storytold/photocraft/blob/ad863217386440ca968fccc9bfff65ba24e61142/crates/engine/src/filters.rs#L178 | https://github.com/storytold/photocraft/blob/ad863217386440ca968fccc9bfff65ba24e61142/crates/engine/src/filters.rs#L250 | https://github.com/storytold/photocraft/blob/ad863217386440ca968fccc9bfff65ba24e61142/crates/engine/src/smart_cmds.rs#L69
engine,filter.sharpen.sharpenMore,filter,implemented,conditional,allowed,unexposed,,source_reviewed,typed_contract_not_implemented,{},https://github.com/storytold/photocraft/blob/ad863217386440ca968fccc9bfff65ba24e61142/crates/engine/src/filters.rs#L178 | https://github.com/storytold/photocraft/blob/ad863217386440ca968fccc9bfff65ba24e61142/crates/engine/src/filters.rs#L249 | https://github.com/storytold/photocraft/blob/ad863217386440ca968fccc9bfff65ba24e61142/crates/engine/src/smart_cmds.rs#L69
engine,filter.sharpen.smartSharpen,filter,implemented,conditional,allowed,unexposed,,source_reviewed,typed_contract_not_implemented,"{""amount"":1..500=100,""radius"":0.1..64=1,""reduceNoise"":0..100=10}",https://github.com/storytold/photocraft/blob/ad863217386440ca968fccc9bfff65ba24e61142/crates/engine/src/filters.rs#L178 | https://github.com/storytold/photocraft/blob/ad863217386440ca968fccc9bfff65ba24e61142/crates/engine/src/filters.rs#L268 | https://github.com/storytold/photocraft/blob/ad863217386440ca968fccc9bfff65ba24e61142/crates/engine/src/smart_cmds.rs#L69
engine,filter.sharpen.unsharpMask,filter,implemented,conditional,allowed,unexposed,,source_reviewed,typed_contract_not_implemented,"{""amount"":1..500=50,""radius"":0.1..1000=1,""threshold"":0..255=0}",https://github.com/storytold/photocraft/blob/ad863217386440ca968fccc9bfff65ba24e61142/crates/engine/src/filters.rs#L178 | https://github.com/storytold/photocraft/blob/ad863217386440ca968fccc9bfff65ba24e61142/crates/engine/src/filters.rs#L262 | https://github.com/storytold/photocraft/blob/ad863217386440ca968fccc9bfff65ba24e61142/crates/engine/src/smart_cmds.rs#L69
engine,filter.stylize.diffuse,filter,implemented,conditional,allowed,unexposed,,source_reviewed,typed_contract_not_implemented,"{""mode"":""normal|darkenOnly|lightenOnly|anisotropic"",""seed"":u32=0}",https://github.com/storytold/photocraft/blob/ad863217386440ca968fccc9bfff65ba24e61142/crates/engine/src/filters.rs#L178 | https://github.com/storytold/photocraft/blob/ad863217386440ca968fccc9bfff65ba24e61142/crates/engine/src/filters_ext.rs#L475 | https://github.com/storytold/photocraft/blob/ad863217386440ca968fccc9bfff65ba24e61142/crates/engine/src/smart_cmds.rs#L69
engine,filter.stylize.emboss,filter,implemented,conditional,allowed,unexposed,,source_reviewed,typed_contract_not_implemented,"{""angle"":-180..180=135,""height"":1..100=3,""amount"":1..500=100}",https://github.com/storytold/photocraft/blob/ad863217386440ca968fccc9bfff65ba24e61142/crates/engine/src/filters.rs#L178 | https://github.com/storytold/photocraft/blob/ad863217386440ca968fccc9bfff65ba24e61142/crates/engine/src/filters.rs#L282 | https://github.com/storytold/photocraft/blob/ad863217386440ca968fccc9bfff65ba24e61142/crates/engine/src/smart_cmds.rs#L69
engine,filter.stylize.extrude,filter,implemented,conditional,allowed,unexposed,,source_reviewed,typed_contract_not_implemented,"{""type"":""blocks|pyramids"",""size"":2..255=30,""depth"":1..255=30,""depthMode"":""random|levelBased"",""solidFrontFaces"":bool,""maskIncompleteBlocks"":bool,""seed"":u32=0}",https://github.com/storytold/photocraft/blob/ad863217386440ca968fccc9bfff65ba24e61142/crates/engine/src/filters.rs#L178 | https://github.com/storytold/photocraft/blob/ad863217386440ca968fccc9bfff65ba24e61142/crates/engine/src/filters_ext.rs#L477 | https://github.com/storytold/photocraft/blob/ad863217386440ca968fccc9bfff65ba24e61142/crates/engine/src/smart_cmds.rs#L69
engine,filter.stylize.findEdges,filter,implemented,conditional,allowed,unexposed,,source_reviewed,typed_contract_not_implemented,{},https://github.com/storytold/photocraft/blob/ad863217386440ca968fccc9bfff65ba24e61142/crates/engine/src/filters.rs#L178 | https://github.com/storytold/photocraft/blob/ad863217386440ca968fccc9bfff65ba24e61142/crates/engine/src/filters.rs#L283 | https://github.com/storytold/photocraft/blob/ad863217386440ca968fccc9bfff65ba24e61142/crates/engine/src/smart_cmds.rs#L69
engine,filter.stylize.oilPaint,filter,implemented,conditional,allowed,unexposed,,source_reviewed,typed_contract_not_implemented,"{""stylization"":0.1..10=4,""cleanliness"":0..10=5,""scale"":0.1..10=1,""bristleDetail"":0..10=5,""lighting"":bool=true,""angle"":-180..180=-60,""shine"":0..10=1}",https://github.com/storytold/photocraft/blob/ad863217386440ca968fccc9bfff65ba24e61142/crates/engine/src/filters.rs#L178 | https://github.com/storytold/photocraft/blob/ad863217386440ca968fccc9bfff65ba24e61142/crates/engine/src/filters_ext.rs#L483 | https://github.com/storytold/photocraft/blob/ad863217386440ca968fccc9bfff65ba24e61142/crates/engine/src/smart_cmds.rs#L69
engine,filter.stylize.solarize,filter,implemented,conditional,allowed,unexposed,,source_reviewed,typed_contract_not_implemented,{},https://github.com/storytold/photocraft/blob/ad863217386440ca968fccc9bfff65ba24e61142/crates/engine/src/filters.rs#L178 | https://github.com/storytold/photocraft/blob/ad863217386440ca968fccc9bfff65ba24e61142/crates/engine/src/filters.rs#L284 | https://github.com/storytold/photocraft/blob/ad863217386440ca968fccc9bfff65ba24e61142/crates/engine/src/smart_cmds.rs#L69
engine,filter.stylize.tiles,filter,implemented,conditional,allowed,unexposed,,source_reviewed,typed_contract_not_implemented,"{""count"":1..99=10,""maxOffset"":1..99=10,""fill"":""background|foreground|inverse|unaltered"",""seed"":u32=0,""foreground"":json,""background"":json}",https://github.com/storytold/photocraft/blob/ad863217386440ca968fccc9bfff65ba24e61142/crates/engine/src/filters.rs#L178 | https://github.com/storytold/photocraft/blob/ad863217386440ca968fccc9bfff65ba24e61142/crates/engine/src/filters_ext.rs#L489 | https://github.com/storytold/photocraft/blob/ad863217386440ca968fccc9bfff65ba24e61142/crates/engine/src/smart_cmds.rs#L69
engine,filter.stylize.traceContour,filter,implemented,conditional,allowed,unexposed,,source_reviewed,typed_contract_not_implemented,"{""level"":0..255=128,""edge"":""lower|upper""}",https://github.com/storytold/photocraft/blob/ad863217386440ca968fccc9bfff65ba24e61142/crates/engine/src/filters.rs#L178 | https://github.com/storytold/photocraft/blob/ad863217386440ca968fccc9bfff65ba24e61142/crates/engine/src/filters_ext.rs#L494 | https://github.com/storytold/photocraft/blob/ad863217386440ca968fccc9bfff65ba24e61142/crates/engine/src/smart_cmds.rs#L69
engine,filter.stylize.wind,filter,implemented,conditional,allowed,unexposed,,source_reviewed,typed_contract_not_implemented,"{""method"":""wind|blast|stagger"",""direction"":""fromRight|fromLeft"",""seed"":u32=0}",https://github.com/storytold/photocraft/blob/ad863217386440ca968fccc9bfff65ba24e61142/crates/engine/src/filters.rs#L178 | https://github.com/storytold/photocraft/blob/ad863217386440ca968fccc9bfff65ba24e61142/crates/engine/src/filters_ext.rs#L495 | https://github.com/storytold/photocraft/blob/ad863217386440ca968fccc9bfff65ba24e61142/crates/engine/src/smart_cmds.rs#L69
engine,filter.vanishingPoint,filter,implemented,allowed,allowed,unexposed,,source_reviewed,typed_contract_not_implemented,"{""planes"":[{""corners"":[[x,y]×4]} | {""from"":plane,""edge"":""top|right|bottom|left"",""angle"":deg=90,""depth"":1}],""focalLength"":px=0,""paste"":[{""plane"":0,""layer"":id? (else the clipboard),""at"":[u,v]=[0.25,0.25],""width"":0..1=0.5}],""clone"":[{""source"":[x,y],""points"":[[x,y]],""size"":px=40,""hardness"":0..100=50,""opacity"":0..100=100}],""newLayer"":bool=false}",https://github.com/storytold/photocraft/blob/ad863217386440ca968fccc9bfff65ba24e61142/crates/engine/src/vp_cmds.rs#L102 | https://github.com/storytold/photocraft/blob/ad863217386440ca968fccc9bfff65ba24e61142/crates/engine/src/vp_cmds.rs#L15
engine,filter.video.deInterlace,filter,implemented,conditional,allowed,unexposed,,source_reviewed,typed_contract_not_implemented,"{""eliminate"":""oddFields|evenFields"",""createBy"":""interpolation|duplication""}",https://github.com/storytold/photocraft/blob/ad863217386440ca968fccc9bfff65ba24e61142/crates/engine/src/filters.rs#L178 | https://github.com/storytold/photocraft/blob/ad863217386440ca968fccc9bfff65ba24e61142/crates/engine/src/filters_ext.rs#L591 | https://github.com/storytold/photocraft/blob/ad863217386440ca968fccc9bfff65ba24e61142/crates/engine/src/smart_cmds.rs#L69
engine,filter.video.ntscColors,filter,implemented,conditional,allowed,unexposed,,source_reviewed,typed_contract_not_implemented,{},https://github.com/storytold/photocraft/blob/ad863217386440ca968fccc9bfff65ba24e61142/crates/engine/src/filters.rs#L178 | https://github.com/storytold/photocraft/blob/ad863217386440ca968fccc9bfff65ba24e61142/crates/engine/src/filters_ext.rs#L596 | https://github.com/storytold/photocraft/blob/ad863217386440ca968fccc9bfff65ba24e61142/crates/engine/src/smart_cmds.rs#L69
engine,gradient.presets.apply,gradient,implemented,allowed,allowed,unexposed,,source_reviewed,typed_contract_not_implemented,"{""preset"":name?=current|""stops"":[[t 0..1,""#rrggbb""|""foreground""|""background""],…],""transparency"":[[t,opacity 0..100],…]?,""angle"":deg=90,""style"":""linear|radial|angle|reflected|diamond""=""linear"",""scale"":10..150=100,""reverse"":bool} → {layer}",https://github.com/storytold/photocraft/blob/ad863217386440ca968fccc9bfff65ba24e61142/crates/engine/src/presets/gradients.rs#L460 | https://github.com/storytold/photocraft/blob/ad863217386440ca968fccc9bfff65ba24e61142/crates/engine/src/presets/gradients.rs#L378 | https://github.com/storytold/photocraft/blob/ad863217386440ca968fccc9bfff65ba24e61142/crates/automation/src/workspace.rs#L131
engine,gradient.presets.edit,gradient,implemented,allowed,allowed,unexposed,,source_reviewed,typed_contract_not_implemented,"{""action"":""rename|delete|move|newGroup|renameGroup|deleteGroup"",""preset"":name|[names] (rename/delete/move),""group"":name? (narrows the lookup; the group for renameGroup/deleteGroup),""name"":str (rename: new name; newGroup/renameGroup: group name),""to"":group (move),""index"":n? (move)}",https://github.com/storytold/photocraft/blob/ad863217386440ca968fccc9bfff65ba24e61142/crates/engine/src/presets/gradients.rs#L482 | https://github.com/storytold/photocraft/blob/ad863217386440ca968fccc9bfff65ba24e61142/crates/engine/src/presets/gradients.rs#L406 | https://github.com/storytold/photocraft/blob/ad863217386440ca968fccc9bfff65ba24e61142/crates/automation/src/workspace.rs#L131
engine,gradient.presets.importGrd,gradient,implemented,conditional,allowed,unexposed,,source_reviewed,typed_contract_not_implemented,"{""path"":"".grd file""?,""data"":base64 bytes?,""group"":string?=file name,""replace"":bool=true (replace a group of the same name)}",https://github.com/storytold/photocraft/blob/ad863217386440ca968fccc9bfff65ba24e61142/crates/engine/src/preset_import_cmds.rs#L102 | https://github.com/storytold/photocraft/blob/ad863217386440ca968fccc9bfff65ba24e61142/crates/engine/src/preset_import_cmds.rs#L165 | https://github.com/storytold/photocraft/blob/ad863217386440ca968fccc9bfff65ba24e61142/crates/automation/src/workspace.rs#L131
engine,gradient.presets.list,gradient,implemented,allowed,allowed,unexposed,,source_reviewed,typed_contract_not_implemented,"{} → {groups:[{name,presets:[{name,stops,transparency}]}],current}",https://github.com/storytold/photocraft/blob/ad863217386440ca968fccc9bfff65ba24e61142/crates/engine/src/presets/gradients.rs#L438 | https://github.com/storytold/photocraft/blob/ad863217386440ca968fccc9bfff65ba24e61142/crates/engine/src/presets/gradients.rs#L343 | https://github.com/storytold/photocraft/blob/ad863217386440ca968fccc9bfff65ba24e61142/crates/automation/src/workspace.rs#L131
engine,gradient.presets.new,gradient,implemented,allowed,allowed,unexposed,,source_reviewed,typed_contract_not_implemented,"{""name"":str=""Custom"",""group"":name?=first,""stops"":[[t 0..1,""#rrggbb""|""foreground""|""background""],…],""transparency"":[[t,opacity 0..100],…]? (default: the current gradient)}",https://github.com/storytold/photocraft/blob/ad863217386440ca968fccc9bfff65ba24e61142/crates/engine/src/presets/gradients.rs#L472 | https://github.com/storytold/photocraft/blob/ad863217386440ca968fccc9bfff65ba24e61142/crates/engine/src/presets/gradients.rs#L395 | https://github.com/storytold/photocraft/blob/ad863217386440ca968fccc9bfff65ba24e61142/crates/automation/src/workspace.rs#L131
engine,gradient.presets.reset,gradient,implemented,allowed,allowed,unexposed,,source_reviewed,typed_contract_not_implemented,"{""append"":bool=false}",https://github.com/storytold/photocraft/blob/ad863217386440ca968fccc9bfff65ba24e61142/crates/engine/src/presets/gradients.rs#L492 | https://github.com/storytold/photocraft/blob/ad863217386440ca968fccc9bfff65ba24e61142/crates/engine/src/presets/gradients.rs#L413 | https://github.com/storytold/photocraft/blob/ad863217386440ca968fccc9bfff65ba24e61142/crates/automation/src/workspace.rs#L131
engine,gradient.presets.select,gradient,implemented,allowed,allowed,unexposed,,source_reviewed,typed_contract_not_implemented,"{""preset"":name|""stops"":[[t 0..1,""#rrggbb""|""foreground""|""background""],…],""transparency"":[[t,opacity 0..100],…]?,""group"":name?,""applyToLayer"":bool=true (also recolours a selected Gradient Fill layer)} → {current,layer?}. The Gradient tool paints with it.",https://github.com/storytold/photocraft/blob/ad863217386440ca968fccc9bfff65ba24e61142/crates/engine/src/presets/gradients.rs#L310 | https://github.com/storytold/photocraft/blob/ad863217386440ca968fccc9bfff65ba24e61142/crates/engine/src/presets/gradients.rs#L355 | https://github.com/storytold/photocraft/blob/ad863217386440ca968fccc9bfff65ba24e61142/crates/automation/src/workspace.rs#L131
engine,image.adjustments.blackWhite,image,implemented,allowed,allowed,unexposed,,source_reviewed,typed_contract_not_implemented,"{""reds"":-200..300=40,""yellows"":-200..300=60,""greens"":-200..300=40,""cyans"":-200..300=60,""blues"":-200..300=20,""magentas"":-200..300=80,""tint"":bool=false,""tintColor"":""#rrggbb""}",https://github.com/storytold/photocraft/blob/ad863217386440ca968fccc9bfff65ba24e61142/crates/engine/src/commands.rs#L170
engine,image.adjustments.brightnessContrast,image,implemented,allowed,allowed,unexposed,,source_reviewed,typed_contract_not_implemented,"{""brightness"":-150..150=0,""contrast"":-50..100=0,""legacy"":bool=false}",https://github.com/storytold/photocraft/blob/ad863217386440ca968fccc9bfff65ba24e61142/crates/engine/src/commands.rs#L170
engine,image.adjustments.channelMixer,image,implemented,allowed,allowed,unexposed,,source_reviewed,typed_contract_not_implemented,"{""red"":json,""green"":json,""blue"":json,""gray"":json,""monochrome"":bool=false} (per output channel [red %, green %, blue %, constant %] in -200..200; gray = the monochrome mix)",https://github.com/storytold/photocraft/blob/ad863217386440ca968fccc9bfff65ba24e61142/crates/engine/src/commands.rs#L170
engine,image.adjustments.colorBalance,image,implemented,allowed,allowed,unexposed,,source_reviewed,typed_contract_not_implemented,"{""shadows"":json,""midtones"":json,""highlights"":json,""preserveLuminosity"":bool=true} (each tone [cyan-red, magenta-green, yellow-blue] in -100..100)",https://github.com/storytold/photocraft/blob/ad863217386440ca968fccc9bfff65ba24e61142/crates/engine/src/commands.rs#L170
engine,image.adjustments.colorLookup,image,implemented,conditional,conditional,unexposed,,source_reviewed,typed_contract_not_implemented,"{""lut"":""none|warm|cool|tealOrange|bleachBypass|fadedFilm|dayForNight|monoContrast|crossProcess""=""none"",""file"":text,""interpolation"":""trilinear|tetrahedral""=""trilinear"",""dither"":bool=false,""data"":json} (file: .cube/.3dl/.look path; data: file text + ""fileName"")",https://github.com/storytold/photocraft/blob/ad863217386440ca968fccc9bfff65ba24e61142/crates/engine/src/commands.rs#L170 | https://github.com/storytold/photocraft/blob/ad863217386440ca968fccc9bfff65ba24e61142/crates/automation/src/workspace.rs#L181
engine,image.adjustments.colorLookup.list,image,implemented,allowed,allowed,unexposed,,source_reviewed,typed_contract_not_implemented,{},https://github.com/storytold/photocraft/blob/ad863217386440ca968fccc9bfff65ba24e61142/crates/engine/src/adjust_cmds.rs#L320 | https://github.com/storytold/photocraft/blob/ad863217386440ca968fccc9bfff65ba24e61142/crates/engine/src/adjust_cmds.rs#L365
engine,image.adjustments.curves,image,implemented,allowed,allowed,unexposed,,source_reviewed,typed_contract_not_implemented,"{""points"":json,""red"":json,""green"":json,""blue"":json} (curves as [[in,out],…] in 0..255, 2..19 points: points = composite; red/green/blue, gray, cyan/magenta/yellow/black or lightness/a/b per channel)",https://github.com/storytold/photocraft/blob/ad863217386440ca968fccc9bfff65ba24e61142/crates/engine/src/commands.rs#L170
engine,image.adjustments.desaturate,image,implemented,allowed,allowed,unexposed,,source_reviewed,typed_contract_not_implemented,{},https://github.com/storytold/photocraft/blob/ad863217386440ca968fccc9bfff65ba24e61142/crates/engine/src/commands.rs#L719
engine,image.adjustments.equalize,image,implemented,allowed,allowed,unexposed,,source_reviewed,typed_contract_not_implemented,{},https://github.com/storytold/photocraft/blob/ad863217386440ca968fccc9bfff65ba24e61142/crates/engine/src/extra_cmds.rs#L156 | https://github.com/storytold/photocraft/blob/ad863217386440ca968fccc9bfff65ba24e61142/crates/engine/src/extra_cmds.rs#L580
engine,image.adjustments.exposure,image,implemented,allowed,allowed,unexposed,,source_reviewed,typed_contract_not_implemented,"{""exposure"":-20..20=0,""offset"":-0.5..0.5=0,""gamma"":0.01..9.99=1}",https://github.com/storytold/photocraft/blob/ad863217386440ca968fccc9bfff65ba24e61142/crates/engine/src/commands.rs#L170
engine,image.adjustments.gradientMap,image,implemented,allowed,allowed,unexposed,,source_reviewed,typed_contract_not_implemented,"{""stops"":json,""reverse"":bool=false,""dither"":bool=false} (stops [[location 0..1, ""#rrggbb""], …], 2..64)",https://github.com/storytold/photocraft/blob/ad863217386440ca968fccc9bfff65ba24e61142/crates/engine/src/commands.rs#L170
engine,image.adjustments.hdrToning,image,implemented,allowed,allowed,unexposed,,source_reviewed,typed_contract_not_implemented,"{""radius"":1..500=30,""strength"":0.1..4=0.5,""gamma"":0.1..2=1,""exposure"":-5..5=0,""detail"":-100..300=30,""shadow"":-100..100=0,""highlight"":-100..100=0,""vibrance"":-100..100=0,""saturation"":-100..100=20,""curve"":[[in,out],…] 0..255} (flattens the image)",https://github.com/storytold/photocraft/blob/ad863217386440ca968fccc9bfff65ba24e61142/crates/engine/src/adjust_cmds.rs#L281 | https://github.com/storytold/photocraft/blob/ad863217386440ca968fccc9bfff65ba24e61142/crates/engine/src/adjust_cmds.rs#L357
engine,image.adjustments.hueSaturation,image,implemented,allowed,allowed,unexposed,,source_reviewed,typed_contract_not_implemented,"{""hue"":-180..180=0,""saturation"":-100..100=0,""lightness"":-100..100=0,""colorize"":bool=false,""reds"":json,""yellows"":json,""greens"":json,""cyans"":json,""blues"":json,""magentas"":json} (per range {""hue"",""saturation"",""lightness"",""range"":[4 hue degrees]}; colorize: hue 0..360, saturation 0..100)",https://github.com/storytold/photocraft/blob/ad863217386440ca968fccc9bfff65ba24e61142/crates/engine/src/commands.rs#L170
engine,image.adjustments.invert,image,implemented,allowed,allowed,unexposed,,source_reviewed,typed_contract_not_implemented,{},https://github.com/storytold/photocraft/blob/ad863217386440ca968fccc9bfff65ba24e61142/crates/engine/src/commands.rs#L170
engine,image.adjustments.levels,image,implemented,allowed,allowed,unexposed,,source_reviewed,typed_contract_not_implemented,"{""inBlack"":0..253=0,""gamma"":0.01..9.99=1,""inWhite"":2..255=255,""outBlack"":0..255=0,""outWhite"":0..255=255,""red"":json,""green"":json,""blue"":json} (top level = composite; per channel {""inBlack"",""gamma"",""inWhite"",""outBlack"",""outWhite""} under red/green/blue, gray, cyan/magenta/yellow/black or lightness/a/b)",https://github.com/storytold/photocraft/blob/ad863217386440ca968fccc9bfff65ba24e61142/crates/engine/src/commands.rs#L170
engine,image.adjustments.matchColor,image,implemented,allowed,allowed,unexposed,,source_reviewed,typed_contract_not_implemented,"{""source"":doc,""sourceLayer"":json,""luminance"":1..200=100,""intensity"":1..200=100,""fade"":0..100=0,""neutralize"":bool=false,""useSelectionInSource"":bool=false,""useSelectionInTarget"":bool=false} (source: document index; sourceLayer: layer id, default the merged image)",https://github.com/storytold/photocraft/blob/ad863217386440ca968fccc9bfff65ba24e61142/crates/engine/src/adjust_cmds.rs#L250 | https://github.com/storytold/photocraft/blob/ad863217386440ca968fccc9bfff65ba24e61142/crates/engine/src/adjust_cmds.rs#L349
engine,image.adjustments.photoFilter,image,implemented,allowed,allowed,unexposed,,source_reviewed,typed_contract_not_implemented,"{""filter"":""warming85|warmingLBA|warming81|cooling80|coolingLBB|cooling82|red|orange|yellow|green|cyan|blue|violet|magenta|sepia|deepRed|deepBlue|deepEmerald|deepYellow|underwater"",""color"":""#rrggbb"",""density"":0..100=25,""preserveLuminosity"":bool=true}",https://github.com/storytold/photocraft/blob/ad863217386440ca968fccc9bfff65ba24e61142/crates/engine/src/commands.rs#L170
engine,image.adjustments.posterize,image,implemented,allowed,allowed,unexposed,,source_reviewed,typed_contract_not_implemented,"{""levels"":2..255=4}",https://github.com/storytold/photocraft/blob/ad863217386440ca968fccc9bfff65ba24e61142/crates/engine/src/commands.rs#L170
engine,image.adjustments.replaceColor,image,implemented,allowed,allowed,unexposed,,source_reviewed,typed_contract_not_implemented,"{""color"":json,""fuzziness"":0..200=40,""hue"":-180..180=0,""saturation"":-100..100=0,""lightness"":-100..100=0} (color: ""#rrggbb"", default the foreground colour)",https://github.com/storytold/photocraft/blob/ad863217386440ca968fccc9bfff65ba24e61142/crates/engine/src/adjust_cmds.rs#L224 | https://github.com/storytold/photocraft/blob/ad863217386440ca968fccc9bfff65ba24e61142/crates/engine/src/adjust_cmds.rs#L341
engine,image.adjustments.selectiveColor,image,implemented,allowed,allowed,unexposed,,source_reviewed,typed_contract_not_implemented,"{""method"":""relative|absolute""=""relative"",""colors"":""reds|yellows|greens|cyans|blues|magentas|whites|neutrals|blacks""=""reds"",""cyan"":-100..100=0,""magenta"":-100..100=0,""yellow"":-100..100=0,""black"":-100..100=0,""reds"":json} (per-range [c,m,y,k] arrays: reds yellows greens cyans blues magentas whites neutrals blacks)",https://github.com/storytold/photocraft/blob/ad863217386440ca968fccc9bfff65ba24e61142/crates/engine/src/commands.rs#L170
engine,image.adjustments.shadowsHighlights,image,implemented,allowed,allowed,unexposed,,source_reviewed,typed_contract_not_implemented,"{""shadowAmount"":0..100=35,""shadowTone"":0..100=50,""shadowRadius"":0..2500=30,""highlightAmount"":0..100=0,""highlightTone"":0..100=50,""highlightRadius"":0..2500=30,""color"":-100..100=20,""midtone"":-100..100=0,""blackClip"":0..50=0.01,""whiteClip"":0..50=0.01}",https://github.com/storytold/photocraft/blob/ad863217386440ca968fccc9bfff65ba24e61142/crates/engine/src/adjust_cmds.rs#L207 | https://github.com/storytold/photocraft/blob/ad863217386440ca968fccc9bfff65ba24e61142/crates/engine/src/adjust_cmds.rs#L333
engine,image.adjustments.threshold,image,implemented,allowed,allowed,unexposed,,source_reviewed,typed_contract_not_implemented,"{""level"":1..255=128}",https://github.com/storytold/photocraft/blob/ad863217386440ca968fccc9bfff65ba24e61142/crates/engine/src/commands.rs#L170
engine,image.adjustments.vibrance,image,implemented,allowed,allowed,unexposed,,source_reviewed,typed_contract_not_implemented,"{""vibrance"":-100..100=0,""saturation"":-100..100=0}",https://github.com/storytold/photocraft/blob/ad863217386440ca968fccc9bfff65ba24e61142/crates/engine/src/commands.rs#L170
engine,image.analysis.countTool,image,implemented,allowed,allowed,unexposed,,source_reviewed,typed_contract_not_implemented,{} → count groups and markers (edit with count.*),https://github.com/storytold/photocraft/blob/ad863217386440ca968fccc9bfff65ba24e61142/crates/engine/src/analysis_cmds.rs#L1142
engine,image.analysis.info,image,implemented,allowed,allowed,unexposed,,source_reviewed,typed_contract_not_implemented,"{} → scale, ruler readout, count groups, note and log counts",https://github.com/storytold/photocraft/blob/ad863217386440ca968fccc9bfff65ba24e61142/crates/engine/src/analysis_cmds.rs#L1168
engine,image.analysis.placeScaleMarker,image,implemented,allowed,allowed,unexposed,,source_reviewed,typed_contract_not_implemented,"{""length"":logical units=nice ≈ width/5,""font"":str?,""fontSize"":pt=12,""displayText"":bool=true,""textPosition"":""top|bottom""=""bottom"",""color"":""black|white""=""black""}",https://github.com/storytold/photocraft/blob/ad863217386440ca968fccc9bfff65ba24e61142/crates/engine/src/analysis_cmds.rs#L1151
engine,image.analysis.recordMeasurements,image,implemented,allowed,allowed,unexposed,,source_reviewed,typed_contract_not_implemented,"{""source"":""auto|selection|ruler|count""=""auto""} → appended Measurement Log rows (selection: summary + one row per feature)",https://github.com/storytold/photocraft/blob/ad863217386440ca968fccc9bfff65ba24e61142/crates/engine/src/analysis_cmds.rs#L1124
engine,image.analysis.rulerTool,image,implemented,allowed,allowed,unexposed,,source_reviewed,typed_contract_not_implemented,"{""start"":[x,y],""end"":[x,y],""protractor"":[x,y]|null?,""clear"":bool=false} (no params: read) → X/Y/W/H/angle/L1/L2",https://github.com/storytold/photocraft/blob/ad863217386440ca968fccc9bfff65ba24e61142/crates/engine/src/analysis_cmds.rs#L1133
engine,image.analysis.selectDataPoints,image,implemented,allowed,allowed,unexposed,,source_reviewed,typed_contract_not_implemented,"{""selection"":[keys]|{key:bool}?,""ruler"":[keys]|{key:bool}?,""count"":[keys]|{key:bool}?,""reset"":bool=false} (keys: label,dateTime,document,source,scale,scaleUnits,scaleFactor,count,area,perimeter,circularity,height,width,grayMin,grayMax,grayMean,grayMedian,integratedDensity,histogram,length,angle)",https://github.com/storytold/photocraft/blob/ad863217386440ca968fccc9bfff65ba24e61142/crates/engine/src/analysis_cmds.rs#L1115
engine,image.analysis.setMeasurementScale,image,implemented,allowed,allowed,unexposed,,source_reviewed,typed_contract_not_implemented,"{""preset"":""default|custom""=""custom"",""pixelLength"":px,""logicalLength"":number,""units"":str (e.g. ""mm"")} (no params: read the scale)",https://github.com/storytold/photocraft/blob/ad863217386440ca968fccc9bfff65ba24e61142/crates/engine/src/analysis_cmds.rs#L1106
engine,image.analysis.straightenLayer,image,implemented,allowed,allowed,unexposed,,source_reviewed,typed_contract_not_implemented,"{""crop"":bool=(active layer is the Background)} (rotates so the ruler line is level; crop = rotate the canvas and crop to the image)",https://github.com/storytold/photocraft/blob/ad863217386440ca968fccc9bfff65ba24e61142/crates/engine/src/analysis_cmds.rs#L1160
engine,image.applyDataSet,image,implemented,denied,denied,blocked,,source_reviewed,upstream_workspace_denied,"{name|index} → {applied, index}: sets layer visibility/text/pixels from the data set (one history step)",https://github.com/storytold/photocraft/blob/ad863217386440ca968fccc9bfff65ba24e61142/crates/engine/src/variables_cmds.rs#L401 | https://github.com/storytold/photocraft/blob/ad863217386440ca968fccc9bfff65ba24e61142/crates/automation/src/workspace.rs#L140
engine,image.applyImage,image,implemented,allowed,allowed,unexposed,,source_reviewed,typed_contract_not_implemented,"{""source"":{""document"":index?,""layer"":id|""merged""=""merged"",""channel"":""composite""|""red|…""|index|""selection""|""transparency""|""mask""=""composite"",""invert"":bool=false},""blending"":""normal|multiply|screen|overlay|softLight|hardLight|colorDodge|colorBurn|darken|lighten|difference|exclusion|linearBurn|linearDodge|add|subtract|…""=""multiply"",""opacity"":0..100=100,""scale"":1..2=1,""offset"":-255..255=0,""preserveTransparency"":bool=false,""mask"":{""document"",""layer"",""channel"",""invert""}?,""sourceChannel|sourceDocument|sourceLayer|sourceInvert|maskChannel|…"":flat form of source/mask?}",https://github.com/storytold/photocraft/blob/ad863217386440ca968fccc9bfff65ba24e61142/crates/engine/src/channel_cmds.rs#L1457
engine,image.autoColor,image,implemented,allowed,allowed,unexposed,,source_reviewed,typed_contract_not_implemented,{},https://github.com/storytold/photocraft/blob/ad863217386440ca968fccc9bfff65ba24e61142/crates/engine/src/edit_cmds.rs#L419
engine,image.autoContrast,image,implemented,allowed,allowed,unexposed,,source_reviewed,typed_contract_not_implemented,{},https://github.com/storytold/photocraft/blob/ad863217386440ca968fccc9bfff65ba24e61142/crates/engine/src/edit_cmds.rs#L418
engine,image.autoTone,image,implemented,allowed,allowed,unexposed,,source_reviewed,typed_contract_not_implemented,{},https://github.com/storytold/photocraft/blob/ad863217386440ca968fccc9bfff65ba24e61142/crates/engine/src/edit_cmds.rs#L417
engine,image.calculations,image,implemented,allowed,allowed,unexposed,,source_reviewed,typed_contract_not_implemented,"{""source1"":{""document"",""layer"",""channel"",""invert""},""source2"":{…},""blending"":""multiply|…""=""multiply"",""opacity"":0..100=100,""scale"":1..2=1,""offset"":-255..255=0,""mask"":{…}?,""result"":""newChannel|newDocument|selection""=""newChannel"",""name"":str?}",https://github.com/storytold/photocraft/blob/ad863217386440ca968fccc9bfff65ba24e61142/crates/engine/src/channel_cmds.rs#L1466
engine,image.canvasSize,image,implemented,allowed,allowed,partial,canvas_resize,source_reviewed,reviewed_bounded_typed_subset,"{""width"":px,""height"":px,""relative"":bool=false,""anchor"":""topLeft|top|topRight|left|center|right|bottomLeft|bottom|bottomRight""=""center"",""extensionColor"":""background|foreground|white|black|transparent|#rrggbb""=""background""}",https://github.com/storytold/photocraft/blob/ad863217386440ca968fccc9bfff65ba24e61142/crates/engine/src/image_cmds.rs#L374
engine,image.crop,image,implemented,allowed,allowed,partial,image_crop,source_reviewed,reviewed_bounded_typed_subset,"{""x"":px,""y"":px,""width"":px,""height"":px,""deleteCroppedPixels"":bool=true}",https://github.com/storytold/photocraft/blob/ad863217386440ca968fccc9bfff65ba24e61142/crates/engine/src/image_cmds.rs#L381
engine,image.duplicate,image,implemented,allowed,allowed,unexposed,,source_reviewed,typed_contract_not_implemented,"{""name"":str,""mergedOnly"":bool=false}",https://github.com/storytold/photocraft/blob/ad863217386440ca968fccc9bfff65ba24e61142/crates/engine/src/image_cmds.rs#L425
engine,image.imageRotation.180,image,implemented,allowed,allowed,unexposed,,source_reviewed,typed_contract_not_implemented,{},https://github.com/storytold/photocraft/blob/ad863217386440ca968fccc9bfff65ba24e61142/crates/engine/src/commands.rs#L710
engine,image.imageRotation.90ccw,image,implemented,allowed,allowed,unexposed,,source_reviewed,typed_contract_not_implemented,{},https://github.com/storytold/photocraft/blob/ad863217386440ca968fccc9bfff65ba24e61142/crates/engine/src/commands.rs#L716
engine,image.imageRotation.90cw,image,implemented,allowed,allowed,unexposed,,source_reviewed,typed_contract_not_implemented,{},https://github.com/storytold/photocraft/blob/ad863217386440ca968fccc9bfff65ba24e61142/crates/engine/src/commands.rs#L713
engine,image.imageRotation.flipCanvasHorizontal,image,implemented,allowed,allowed,unexposed,,source_reviewed,typed_contract_not_implemented,{},https://github.com/storytold/photocraft/blob/ad863217386440ca968fccc9bfff65ba24e61142/crates/engine/src/commands.rs#L704
engine,image.imageRotation.flipCanvasVertical,image,implemented,allowed,allowed,unexposed,,source_reviewed,typed_contract_not_implemented,{},https://github.com/storytold/photocraft/blob/ad863217386440ca968fccc9bfff65ba24e61142/crates/engine/src/commands.rs#L707
engine,image.imageSize,image,implemented,allowed,allowed,partial,document_resize,source_reviewed,reviewed_bounded_typed_subset,"{""width"":px,""height"":px,""resolution"":ppi,""resample"":""bicubic|bilinear|nearest|lanczos|preserveDetails|none""=""bicubic""}",https://github.com/storytold/photocraft/blob/ad863217386440ca968fccc9bfff65ba24e61142/crates/engine/src/image_cmds.rs#L366
engine,image.mode.bitmap,image,implemented,conditional,allowed,unexposed,,source_reviewed,typed_contract_not_implemented,"{""method"":""diffusion|threshold|pattern|halftone""=""diffusion"",""frequency"":1..999=53,""angle"":-180..180=45,""shape"":""round|ellipse|line|square|diamond|cross""=""round""} (halftone frequency in lines/inch; flattens)",https://github.com/storytold/photocraft/blob/ad863217386440ca968fccc9bfff65ba24e61142/crates/engine/src/mode_cmds.rs#L451
engine,image.mode.bits16,image,implemented,conditional,allowed,unexposed,,source_reviewed,typed_contract_not_implemented,{},https://github.com/storytold/photocraft/blob/ad863217386440ca968fccc9bfff65ba24e61142/crates/engine/src/image_cmds.rs#L423
engine,image.mode.bits32,image,implemented,conditional,allowed,unexposed,,source_reviewed,typed_contract_not_implemented,{},https://github.com/storytold/photocraft/blob/ad863217386440ca968fccc9bfff65ba24e61142/crates/engine/src/image_cmds.rs#L424
engine,image.mode.bits8,image,implemented,conditional,allowed,unexposed,,source_reviewed,typed_contract_not_implemented,{},https://github.com/storytold/photocraft/blob/ad863217386440ca968fccc9bfff65ba24e61142/crates/engine/src/image_cmds.rs#L422
engine,image.mode.cmyk,image,implemented,conditional,allowed,unexposed,,source_reviewed,typed_contract_not_implemented,"{""profile"":""<builtin id>|working|/path/to/profile.icc""=working,""intent"":""perceptual|relative|saturation|absolute""=""relative"",""bpc"":bool=true}",https://github.com/storytold/photocraft/blob/ad863217386440ca968fccc9bfff65ba24e61142/crates/engine/src/image_cmds.rs#L407
engine,image.mode.colorTable,image,implemented,conditional,allowed,unexposed,,source_reviewed,typed_contract_not_implemented,"{""table"":""custom|blackBody|grayscale|spectrum|systemMac|systemWindows|web""=""custom"",""colors"":json,""entries"":json,""transparent"":json} (colors: [""#rrggbb"", …]; entries: {""index"": ""#rrggbb""}; transparent: index|null)",https://github.com/storytold/photocraft/blob/ad863217386440ca968fccc9bfff65ba24e61142/crates/engine/src/mode_cmds.rs#L443
engine,image.mode.duotone,image,implemented,conditional,allowed,unexposed,,source_reviewed,typed_contract_not_implemented,"{""type"":""duotone|monotone|tritone|quadtone""=""duotone"",""inks"":json} (inks: [{""name"",""color"":""#rrggbb"",""curve"":[[in,out],…] in 0..100}, …])",https://github.com/storytold/photocraft/blob/ad863217386440ca968fccc9bfff65ba24e61142/crates/engine/src/mode_cmds.rs#L459
engine,image.mode.grayscale,image,implemented,conditional,allowed,unexposed,,source_reviewed,typed_contract_not_implemented,"{""profile"":""<builtin id>|working|/path/to/profile.icc""=working,""intent"":""perceptual|relative|saturation|absolute""=""relative"",""bpc"":bool=true}",https://github.com/storytold/photocraft/blob/ad863217386440ca968fccc9bfff65ba24e61142/crates/engine/src/image_cmds.rs#L399
engine,image.mode.indexedColor,image,implemented,conditional,allowed,unexposed,,source_reviewed,typed_contract_not_implemented,"{""palette"":""selective|perceptual|adaptive|exact|systemMac|systemWindows|web|uniform""=""selective"",""colors"":2..256=256,""forced"":""blackWhite|none|primaries|web""=""blackWhite"",""transparency"":bool=true,""dither"":""diffusion|none|pattern|noise""=""diffusion"",""amount"":0..100=75} (flattens)",https://github.com/storytold/photocraft/blob/ad863217386440ca968fccc9bfff65ba24e61142/crates/engine/src/mode_cmds.rs#L431
engine,image.mode.lab,image,implemented,conditional,allowed,unexposed,,source_reviewed,typed_contract_not_implemented,"{""profile"":""<builtin id>|working|/path/to/profile.icc""=working,""intent"":""perceptual|relative|saturation|absolute""=""relative"",""bpc"":bool=true}",https://github.com/storytold/photocraft/blob/ad863217386440ca968fccc9bfff65ba24e61142/crates/engine/src/image_cmds.rs#L415
engine,image.mode.multichannel,image,implemented,conditional,allowed,unexposed,,source_reviewed,typed_contract_not_implemented,"{} (flattens; RGB → Cyan/Magenta/Yellow, CMYK → Cyan/Magenta/Yellow/Black, Lab → Alpha 1–3, Grayscale → Black, Duotone → its inks)",https://github.com/storytold/photocraft/blob/ad863217386440ca968fccc9bfff65ba24e61142/crates/engine/src/multichannel_cmds.rs#L208
engine,image.mode.rgb,image,implemented,conditional,allowed,unexposed,,source_reviewed,typed_contract_not_implemented,"{""profile"":""<builtin id>|working|/path/to/profile.icc""=working,""intent"":""perceptual|relative|saturation|absolute""=""relative"",""bpc"":bool=true}",https://github.com/storytold/photocraft/blob/ad863217386440ca968fccc9bfff65ba24e61142/crates/engine/src/image_cmds.rs#L391
engine,image.revealAll,image,implemented,allowed,allowed,unexposed,,source_reviewed,typed_contract_not_implemented,{},https://github.com/storytold/photocraft/blob/ad863217386440ca968fccc9bfff65ba24e61142/crates/engine/src/extra_cmds.rs#L581
engine,image.rotation.arbitrary,image,implemented,allowed,allowed,unexposed,,source_reviewed,typed_contract_not_implemented,"{""angle"":-359.99..359.99=0,""direction"":""cw|ccw""=""cw"",""interpolation"":""bicubic|bilinear|nearest""=""bicubic""}",https://github.com/storytold/photocraft/blob/ad863217386440ca968fccc9bfff65ba24e61142/crates/engine/src/mode_cmds.rs#L423
engine,image.trap,image,implemented,allowed,allowed,unexposed,,source_reviewed,typed_contract_not_implemented,"{width:px>=1=1} → {trapped,width}: spread inks at colour edges (CMYK only)",https://github.com/storytold/photocraft/blob/ad863217386440ca968fccc9bfff65ba24e61142/crates/engine/src/trap_cmds.rs#L47
engine,image.trim,image,implemented,allowed,allowed,unexposed,,source_reviewed,typed_contract_not_implemented,"{""basedOn"":""transparent|topLeft|bottomRight""=""transparent"",""top"":bool=true,""bottom"":bool=true,""left"":bool=true,""right"":bool=true}",https://github.com/storytold/photocraft/blob/ad863217386440ca968fccc9bfff65ba24e61142/crates/engine/src/image_cmds.rs#L383
engine,image.variables.dataSets,image,implemented,allowed,allowed,unexposed,,source_reviewed,typed_contract_not_implemented,"{dataSets:[{name, values:[{variable, kind:visibility|text|pixels, value}]}], append?} → {defs,dataSets,active}",https://github.com/storytold/photocraft/blob/ad863217386440ca968fccc9bfff65ba24e61142/crates/engine/src/variables_cmds.rs#L394
engine,image.variables.define,image,implemented,allowed,allowed,unexposed,,source_reviewed,typed_contract_not_implemented,"{defs:[{name, layer:id, type:visibility|textReplacement|pixelReplacement, method?:fit|fill|asIs|conform, align?, clip?}]} → {defs,dataSets,active}",https://github.com/storytold/photocraft/blob/ad863217386440ca968fccc9bfff65ba24e61142/crates/engine/src/variables_cmds.rs#L387
engine,layer.align.bottomEdges,layer,implemented,allowed,allowed,unexposed,,source_reviewed,typed_contract_not_implemented,"{""to"":""auto|layers|selection|canvas""=""auto""} (auto: the selection bounds with one layer and an active selection, else the selected layers' bounds)",https://github.com/storytold/photocraft/blob/ad863217386440ca968fccc9bfff65ba24e61142/crates/engine/src/layer_multi_cmds.rs#L656
engine,layer.align.horizontalCenters,layer,implemented,allowed,allowed,unexposed,,source_reviewed,typed_contract_not_implemented,"{""to"":""auto|layers|selection|canvas""=""auto""} (auto: the selection bounds with one layer and an active selection, else the selected layers' bounds)",https://github.com/storytold/photocraft/blob/ad863217386440ca968fccc9bfff65ba24e61142/crates/engine/src/layer_multi_cmds.rs#L658
engine,layer.align.leftEdges,layer,implemented,allowed,allowed,unexposed,,source_reviewed,typed_contract_not_implemented,"{""to"":""auto|layers|selection|canvas""=""auto""} (auto: the selection bounds with one layer and an active selection, else the selected layers' bounds)",https://github.com/storytold/photocraft/blob/ad863217386440ca968fccc9bfff65ba24e61142/crates/engine/src/layer_multi_cmds.rs#L657
engine,layer.align.rightEdges,layer,implemented,allowed,allowed,unexposed,,source_reviewed,typed_contract_not_implemented,"{""to"":""auto|layers|selection|canvas""=""auto""} (auto: the selection bounds with one layer and an active selection, else the selected layers' bounds)",https://github.com/storytold/photocraft/blob/ad863217386440ca968fccc9bfff65ba24e61142/crates/engine/src/layer_multi_cmds.rs#L659
engine,layer.align.topEdges,layer,implemented,allowed,allowed,unexposed,,source_reviewed,typed_contract_not_implemented,"{""to"":""auto|layers|selection|canvas""=""auto""} (auto: the selection bounds with one layer and an active selection, else the selected layers' bounds)",https://github.com/storytold/photocraft/blob/ad863217386440ca968fccc9bfff65ba24e61142/crates/engine/src/layer_multi_cmds.rs#L654
engine,layer.align.verticalCenters,layer,implemented,allowed,allowed,unexposed,,source_reviewed,typed_contract_not_implemented,"{""to"":""auto|layers|selection|canvas""=""auto""} (auto: the selection bounds with one layer and an active selection, else the selected layers' bounds)",https://github.com/storytold/photocraft/blob/ad863217386440ca968fccc9bfff65ba24e61142/crates/engine/src/layer_multi_cmds.rs#L655
engine,layer.arrange.bringForward,layer,implemented,allowed,allowed,unexposed,,source_reviewed,typed_contract_not_implemented,"{""layer"":id?}",https://github.com/storytold/photocraft/blob/ad863217386440ca968fccc9bfff65ba24e61142/crates/engine/src/commands.rs#L516
engine,layer.arrange.bringToFront,layer,implemented,allowed,allowed,unexposed,,source_reviewed,typed_contract_not_implemented,"{""layer"":id?}",https://github.com/storytold/photocraft/blob/ad863217386440ca968fccc9bfff65ba24e61142/crates/engine/src/commands.rs#L518
engine,layer.arrange.reverse,layer,implemented,allowed,allowed,unexposed,,source_reviewed,typed_contract_not_implemented,{},https://github.com/storytold/photocraft/blob/ad863217386440ca968fccc9bfff65ba24e61142/crates/engine/src/layer_multi_cmds.rs#L690
engine,layer.arrange.sendBackward,layer,implemented,allowed,allowed,unexposed,,source_reviewed,typed_contract_not_implemented,"{""layer"":id?}",https://github.com/storytold/photocraft/blob/ad863217386440ca968fccc9bfff65ba24e61142/crates/engine/src/commands.rs#L517
engine,layer.arrange.sendToBack,layer,implemented,allowed,allowed,unexposed,,source_reviewed,typed_contract_not_implemented,"{""layer"":id?}",https://github.com/storytold/photocraft/blob/ad863217386440ca968fccc9bfff65ba24e61142/crates/engine/src/commands.rs#L523
engine,layer.artboard.set,layer,implemented,allowed,allowed,unexposed,,source_reviewed,typed_contract_not_implemented,"{""layer"":id? (default: the active artboard),""x"",""y"",""width"",""height""?|""rect"":[x,y,w,h]?,""preset"":str?,""background"":""white|black|transparent|custom""?,""color"":…?,""name"":str?,""moveContents"":bool=true} → {layer, rect}",https://github.com/storytold/photocraft/blob/ad863217386440ca968fccc9bfff65ba24e61142/crates/engine/src/artboard_cmds.rs#L464
engine,layer.combineShapes.excludeOverlappingShapes,layer,implemented,allowed,allowed,unexposed,,source_reviewed,typed_contract_not_implemented,"{""layer"":id?,""subpath"":index?}",https://github.com/storytold/photocraft/blob/ad863217386440ca968fccc9bfff65ba24e61142/crates/engine/src/vector_cmds.rs#L1238
engine,layer.combineShapes.intersectShapeAreas,layer,implemented,allowed,allowed,unexposed,,source_reviewed,typed_contract_not_implemented,"{""layer"":id?,""subpath"":index?}",https://github.com/storytold/photocraft/blob/ad863217386440ca968fccc9bfff65ba24e61142/crates/engine/src/vector_cmds.rs#L1234
engine,layer.combineShapes.mergeShapeComponents,layer,implemented,allowed,allowed,unexposed,,source_reviewed,typed_contract_not_implemented,"{""layer"":id?,""tolerance"":px=0.1} (bakes the path operations into plain combined outlines, traced from the exact coverage)",https://github.com/storytold/photocraft/blob/ad863217386440ca968fccc9bfff65ba24e61142/crates/engine/src/vector_cmds.rs#L1242
engine,layer.combineShapes.subtractFrontShape,layer,implemented,allowed,allowed,unexposed,,source_reviewed,typed_contract_not_implemented,"{""layer"":id?,""subpath"":index?}",https://github.com/storytold/photocraft/blob/ad863217386440ca968fccc9bfff65ba24e61142/crates/engine/src/vector_cmds.rs#L1230
engine,layer.combineShapes.unite,layer,implemented,allowed,allowed,unexposed,,source_reviewed,typed_contract_not_implemented,"{""layer"":id?,""subpath"":index? (default all but the first)}",https://github.com/storytold/photocraft/blob/ad863217386440ca968fccc9bfff65ba24e61142/crates/engine/src/vector_cmds.rs#L1223
engine,layer.createClippingMask,layer,implemented,allowed,allowed,unexposed,,source_reviewed,typed_contract_not_implemented,"{""layer"":id?}",https://github.com/storytold/photocraft/blob/ad863217386440ca968fccc9bfff65ba24e61142/crates/engine/src/commands.rs#L528
engine,layer.delete,layer,implemented,allowed,allowed,partial,layer_delete,source_reviewed,reviewed_bounded_typed_subset,"{""layer"":id?} (no layer: every selected layer)",https://github.com/storytold/photocraft/blob/ad863217386440ca968fccc9bfff65ba24e61142/crates/engine/src/commands.rs#L438
engine,layer.delete.hiddenLayers,layer,implemented,allowed,allowed,unexposed,,source_reviewed,typed_contract_not_implemented,{},https://github.com/storytold/photocraft/blob/ad863217386440ca968fccc9bfff65ba24e61142/crates/engine/src/extra_cmds.rs#L655
engine,layer.distribute.bottomEdges,layer,implemented,allowed,allowed,unexposed,,source_reviewed,typed_contract_not_implemented,{},https://github.com/storytold/photocraft/blob/ad863217386440ca968fccc9bfff65ba24e61142/crates/engine/src/layer_multi_cmds.rs#L665
engine,layer.distribute.horizontalCenters,layer,implemented,allowed,allowed,unexposed,,source_reviewed,typed_contract_not_implemented,{},https://github.com/storytold/photocraft/blob/ad863217386440ca968fccc9bfff65ba24e61142/crates/engine/src/layer_multi_cmds.rs#L667
engine,layer.distribute.horizontally,layer,implemented,allowed,allowed,unexposed,,source_reviewed,typed_contract_not_implemented,{} (equal horizontal gaps),https://github.com/storytold/photocraft/blob/ad863217386440ca968fccc9bfff65ba24e61142/crates/engine/src/layer_multi_cmds.rs#L673
engine,layer.distribute.leftEdges,layer,implemented,allowed,allowed,unexposed,,source_reviewed,typed_contract_not_implemented,{},https://github.com/storytold/photocraft/blob/ad863217386440ca968fccc9bfff65ba24e61142/crates/engine/src/layer_multi_cmds.rs#L666
engine,layer.distribute.rightEdges,layer,implemented,allowed,allowed,unexposed,,source_reviewed,typed_contract_not_implemented,{},https://github.com/storytold/photocraft/blob/ad863217386440ca968fccc9bfff65ba24e61142/crates/engine/src/layer_multi_cmds.rs#L671
engine,layer.distribute.topEdges,layer,implemented,allowed,allowed,unexposed,,source_reviewed,typed_contract_not_implemented,{},https://github.com/storytold/photocraft/blob/ad863217386440ca968fccc9bfff65ba24e61142/crates/engine/src/layer_multi_cmds.rs#L660
engine,layer.distribute.verticalCenters,layer,implemented,allowed,allowed,unexposed,,source_reviewed,typed_contract_not_implemented,{},https://github.com/storytold/photocraft/blob/ad863217386440ca968fccc9bfff65ba24e61142/crates/engine/src/layer_multi_cmds.rs#L661
engine,layer.distribute.vertically,layer,implemented,allowed,allowed,unexposed,,source_reviewed,typed_contract_not_implemented,{} (equal vertical gaps),https://github.com/storytold/photocraft/blob/ad863217386440ca968fccc9bfff65ba24e61142/crates/engine/src/layer_multi_cmds.rs#L681
engine,layer.duplicate,layer,implemented,allowed,allowed,partial,layer_duplicate,source_reviewed,reviewed_bounded_typed_subset,"{""layer"":id?} (no layer: every selected layer)",https://github.com/storytold/photocraft/blob/ad863217386440ca968fccc9bfff65ba24e61142/crates/engine/src/commands.rs#L418
engine,layer.exportAs,layer,implemented,conditional,conditional,unexposed,,source_reviewed,typed_contract_not_implemented,"{""layer"":id?,""path"":text,""scale"":1..1000=100} (format from the path's extension)",https://github.com/storytold/photocraft/blob/ad863217386440ca968fccc9bfff65ba24e61142/crates/engine/src/layer_menu_cmds.rs#L798 | https://github.com/storytold/photocraft/blob/ad863217386440ca968fccc9bfff65ba24e61142/crates/automation/src/workspace.rs#L181
engine,layer.flattenImage,layer,implemented,allowed,allowed,unexposed,,source_reviewed,typed_contract_not_implemented,{},https://github.com/storytold/photocraft/blob/ad863217386440ca968fccc9bfff65ba24e61142/crates/engine/src/commands.rs#L587
engine,layer.groupLayers,layer,implemented,allowed,allowed,unexposed,,source_reviewed,typed_contract_not_implemented,"{""layer"":id?,""name"":str?} (no layer: every selected layer)",https://github.com/storytold/photocraft/blob/ad863217386440ca968fccc9bfff65ba24e61142/crates/engine/src/commands.rs#L410
engine,layer.hideLayers,layer,implemented,allowed,allowed,unexposed,,source_reviewed,typed_contract_not_implemented,"{""layer"":id?}",https://github.com/storytold/photocraft/blob/ad863217386440ca968fccc9bfff65ba24e61142/crates/engine/src/extra_cmds.rs#L674
engine,layer.layerContentOptions,layer,implemented,allowed,allowed,unexposed,,source_reviewed,typed_contract_not_implemented,{},https://github.com/storytold/photocraft/blob/ad863217386440ca968fccc9bfff65ba24e61142/crates/engine/src/layer_menu_cmds.rs#L782
engine,layer.layerMask.apply,layer,implemented,allowed,allowed,unexposed,,source_reviewed,typed_contract_not_implemented,"{""layer"":id?}",https://github.com/storytold/photocraft/blob/ad863217386440ca968fccc9bfff65ba24e61142/crates/engine/src/layer_menu_cmds.rs#L124 | https://github.com/storytold/photocraft/blob/ad863217386440ca968fccc9bfff65ba24e61142/crates/engine/src/layer_menu_cmds.rs#L728
engine,layer.layerMask.delete,layer,implemented,allowed,allowed,partial,mask_set,source_reviewed,reviewed_bounded_typed_subset,"{""layer"":id?}",https://github.com/storytold/photocraft/blob/ad863217386440ca968fccc9bfff65ba24e61142/crates/engine/src/commands.rs#L1049 | https://github.com/storytold/photocraft/blob/ad863217386440ca968fccc9bfff65ba24e61142/crates/engine/src/commands.rs#L561
engine,layer.layerMask.enabled,layer,implemented,allowed,allowed,partial,mask_enabled,source_reviewed,reviewed_bounded_typed_subset,"{""layer"":id?,""enabled"":bool? (default: toggle)}",https://github.com/storytold/photocraft/blob/ad863217386440ca968fccc9bfff65ba24e61142/crates/engine/src/extra_cmds.rs#L345 | https://github.com/storytold/photocraft/blob/ad863217386440ca968fccc9bfff65ba24e61142/crates/engine/src/extra_cmds.rs#L625
engine,layer.layerMask.fromTransparency,layer,implemented,allowed,allowed,unexposed,,source_reviewed,typed_contract_not_implemented,"{""layer"":id?}",https://github.com/storytold/photocraft/blob/ad863217386440ca968fccc9bfff65ba24e61142/crates/engine/src/layer_menu_cmds.rs#L146 | https://github.com/storytold/photocraft/blob/ad863217386440ca968fccc9bfff65ba24e61142/crates/engine/src/layer_menu_cmds.rs#L729
engine,layer.layerMask.hideAll,layer,implemented,allowed,allowed,partial,mask_set,source_reviewed,reviewed_bounded_typed_subset,"{""layer"":id?}",https://github.com/storytold/photocraft/blob/ad863217386440ca968fccc9bfff65ba24e61142/crates/engine/src/commands.rs#L1049 | https://github.com/storytold/photocraft/blob/ad863217386440ca968fccc9bfff65ba24e61142/crates/engine/src/commands.rs#L550
engine,layer.layerMask.hideSelection,layer,implemented,allowed,allowed,partial,mask_set,source_reviewed,reviewed_bounded_typed_subset,"{""layer"":id?}",https://github.com/storytold/photocraft/blob/ad863217386440ca968fccc9bfff65ba24e61142/crates/engine/src/layer_menu_cmds.rs#L170 | https://github.com/storytold/photocraft/blob/ad863217386440ca968fccc9bfff65ba24e61142/crates/engine/src/layer_menu_cmds.rs#L730
engine,layer.layerMask.linked,layer,implemented,allowed,allowed,unexposed,,source_reviewed,typed_contract_not_implemented,"{""layer"":id?,""linked"":bool? (default: toggle)}",https://github.com/storytold/photocraft/blob/ad863217386440ca968fccc9bfff65ba24e61142/crates/engine/src/extra_cmds.rs#L345 | https://github.com/storytold/photocraft/blob/ad863217386440ca968fccc9bfff65ba24e61142/crates/engine/src/extra_cmds.rs#L634
engine,layer.layerMask.revealAll,layer,implemented,allowed,allowed,partial,mask_set,source_reviewed,reviewed_bounded_typed_subset,"{""layer"":id?}",https://github.com/storytold/photocraft/blob/ad863217386440ca968fccc9bfff65ba24e61142/crates/engine/src/commands.rs#L1049 | https://github.com/storytold/photocraft/blob/ad863217386440ca968fccc9bfff65ba24e61142/crates/engine/src/commands.rs#L544
engine,layer.layerMask.revealSelection,layer,implemented,allowed,allowed,partial,mask_set,source_reviewed,reviewed_bounded_typed_subset,"{""layer"":id?}",https://github.com/storytold/photocraft/blob/ad863217386440ca968fccc9bfff65ba24e61142/crates/engine/src/commands.rs#L556
engine,layer.layerStyle.bevelEmboss,layer,implemented,allowed,allowed,unexposed,,source_reviewed,typed_contract_not_implemented,"{""style"":""inner|outer|emboss|pillow|stroke"",""technique"":""smooth|chiselHard|chiselSoft"",""contour"":bool,""contourRange"":1..100=50,""texture"":pattern id|name?,""textureScale"":1..1000=100,""textureDepth"":-1000..1000=100,""textureInvert"":bool,""textureLink"":bool=true,""depth"":1..1000=100,""direction"":""up|down"",""size"":px=5,""soften"":px,""angle"":deg,""altitude"":deg,""add"":bool}",https://github.com/storytold/photocraft/blob/ad863217386440ca968fccc9bfff65ba24e61142/crates/engine/src/layer_style.rs#L258
engine,layer.layerStyle.blendingOptions,layer,implemented,allowed,allowed,unexposed,,source_reviewed,typed_contract_not_implemented,"{""layer"":id?,""blend"":""normal|multiply|…""?,""opacity"":0..100?,""fillOpacity"":0..100?,""blendIf"":{""channel"":""gray|red|green|blue|cyan|…""|index=""gray"",""thisLayer"":[black,white]|[blackLo,blackHi,whiteLo,whiteHi]?,""underlying"":[…]?}|[{…},…]|null?} (Blend If values 0..255; split points fade; null resets)",https://github.com/storytold/photocraft/blob/ad863217386440ca968fccc9bfff65ba24e61142/crates/engine/src/layer_menu_cmds.rs#L764
engine,layer.layerStyle.clear,layer,implemented,allowed,allowed,unexposed,,source_reviewed,typed_contract_not_implemented,"{""layer"":id}",https://github.com/storytold/photocraft/blob/ad863217386440ca968fccc9bfff65ba24e61142/crates/engine/src/layer_style.rs#L265
engine,layer.layerStyle.colorOverlay,layer,implemented,allowed,allowed,unexposed,,source_reviewed,typed_contract_not_implemented,"{""color"":""#rrggbb"",""opacity"":0..100=100,""blend"":str,""add"":bool}",https://github.com/storytold/photocraft/blob/ad863217386440ca968fccc9bfff65ba24e61142/crates/engine/src/layer_style.rs#L247
engine,layer.layerStyle.copyLayerStyle,layer,implemented,allowed,allowed,unexposed,,source_reviewed,typed_contract_not_implemented,"{""layer"":id?}",https://github.com/storytold/photocraft/blob/ad863217386440ca968fccc9bfff65ba24e61142/crates/engine/src/extra_cmds.rs#L592
engine,layer.layerStyle.createLayer,layer,implemented,allowed,allowed,unexposed,,source_reviewed,typed_contract_not_implemented,"{""layer"":id?}",https://github.com/storytold/photocraft/blob/ad863217386440ca968fccc9bfff65ba24e61142/crates/engine/src/layer_menu_cmds.rs#L779
engine,layer.layerStyle.dropShadow,layer,implemented,allowed,allowed,unexposed,,source_reviewed,typed_contract_not_implemented,"{""color"":""#rrggbb"",""opacity"":0..100=75,""blend"":str=""multiply"",""angle"":deg=120,""useGlobalLight"":bool,""distance"":px=5,""spread"":0..100,""size"":px=5,""knocksOut"":bool,""add"":bool,""layer"":id}",https://github.com/storytold/photocraft/blob/ad863217386440ca968fccc9bfff65ba24e61142/crates/engine/src/layer_style.rs#L222
engine,layer.layerStyle.globalLight,layer,implemented,allowed,allowed,unexposed,,source_reviewed,typed_contract_not_implemented,"{""angle"":-180..180=120,""altitude"":0..90=30}",https://github.com/storytold/photocraft/blob/ad863217386440ca968fccc9bfff65ba24e61142/crates/engine/src/layer_menu_cmds.rs#L772
engine,layer.layerStyle.gradientOverlay,layer,implemented,allowed,allowed,unexposed,,source_reviewed,typed_contract_not_implemented,"{""from"":""#rrggbb"",""to"":""#rrggbb"",""style"":""linear|radial|angle|reflected|diamond"",""angle"":deg=90,""scale"":10..150=100,""reverse"":bool,""opacity"":0..100,""blend"":str,""add"":bool}",https://github.com/storytold/photocraft/blob/ad863217386440ca968fccc9bfff65ba24e61142/crates/engine/src/layer_style.rs#L248
engine,layer.layerStyle.hideAllEffects,layer,implemented,allowed,allowed,unexposed,,source_reviewed,typed_contract_not_implemented,{},https://github.com/storytold/photocraft/blob/ad863217386440ca968fccc9bfff65ba24e61142/crates/engine/src/extra_cmds.rs#L622
engine,layer.layerStyle.innerGlow,layer,implemented,allowed,allowed,unexposed,,source_reviewed,typed_contract_not_implemented,"{""color"":""#rrggbb"",""opacity"":0..100=75,""blend"":str=""screen"",""technique"":""softer|precise"",""source"":""edge|center"",""choke"":0..100,""size"":px,""add"":bool}",https://github.com/storytold/photocraft/blob/ad863217386440ca968fccc9bfff65ba24e61142/crates/engine/src/layer_style.rs#L237
engine,layer.layerStyle.innerShadow,layer,implemented,allowed,allowed,unexposed,,source_reviewed,typed_contract_not_implemented,"{""color"":""#rrggbb"",""opacity"":0..100=75,""blend"":str,""angle"":deg,""distance"":px,""choke"":0..100,""size"":px,""add"":bool}",https://github.com/storytold/photocraft/blob/ad863217386440ca968fccc9bfff65ba24e61142/crates/engine/src/layer_style.rs#L227
engine,layer.layerStyle.outerGlow,layer,implemented,allowed,allowed,unexposed,,source_reviewed,typed_contract_not_implemented,"{""color"":""#rrggbb"",""opacity"":0..100=75,""blend"":str=""screen"",""technique"":""softer|precise"",""spread"":0..100,""size"":px,""range"":0..100,""add"":bool}",https://github.com/storytold/photocraft/blob/ad863217386440ca968fccc9bfff65ba24e61142/crates/engine/src/layer_style.rs#L232
engine,layer.layerStyle.pasteLayerStyle,layer,implemented,allowed,allowed,unexposed,,source_reviewed,typed_contract_not_implemented,"{""layer"":id?}",https://github.com/storytold/photocraft/blob/ad863217386440ca968fccc9bfff65ba24e61142/crates/engine/src/extra_cmds.rs#L600
engine,layer.layerStyle.patternOverlay,layer,implemented,allowed,allowed,unexposed,,source_reviewed,typed_contract_not_implemented,"{""pattern"":id|name?=first library pattern,""opacity"":0..100=100,""blend"":str,""scale"":1..1000=100,""angle"":deg=0,""link"":bool=true,""phaseX"":px,""phaseY"":px,""add"":bool}",https://github.com/storytold/photocraft/blob/ad863217386440ca968fccc9bfff65ba24e61142/crates/engine/src/pattern_cmds.rs#L148
engine,layer.layerStyle.satin,layer,implemented,allowed,allowed,unexposed,,source_reviewed,typed_contract_not_implemented,"{""color"":""#rrggbb"",""opacity"":0..100=50,""blend"":str,""angle"":deg,""distance"":px,""size"":px,""invert"":bool,""add"":bool}",https://github.com/storytold/photocraft/blob/ad863217386440ca968fccc9bfff65ba24e61142/crates/engine/src/layer_style.rs#L263
engine,layer.layerStyle.scaleEffects,layer,implemented,allowed,allowed,unexposed,,source_reviewed,typed_contract_not_implemented,"{""scale"":1..1000=100}",https://github.com/storytold/photocraft/blob/ad863217386440ca968fccc9bfff65ba24e61142/crates/engine/src/layer_menu_cmds.rs#L780
engine,layer.layerStyle.showAllEffects,layer,implemented,allowed,allowed,unexposed,,source_reviewed,typed_contract_not_implemented,{},https://github.com/storytold/photocraft/blob/ad863217386440ca968fccc9bfff65ba24e61142/crates/engine/src/extra_cmds.rs#L623
engine,layer.layerStyle.stroke,layer,implemented,allowed,allowed,unexposed,,source_reviewed,typed_contract_not_implemented,"{""size"":px=3,""position"":""outside|inside|center"",""color"":""#rrggbb"",""from"":""#rrggbb"",""to"":""#rrggbb"",""style"":str,""angle"":deg,""opacity"":0..100,""blend"":str,""add"":bool}",https://github.com/storytold/photocraft/blob/ad863217386440ca968fccc9bfff65ba24e61142/crates/engine/src/layer_style.rs#L242
engine,layer.linkLayers,layer,implemented,allowed,allowed,unexposed,,source_reviewed,typed_contract_not_implemented,{} (toggles: unlinks when the selection is already one link group),https://github.com/storytold/photocraft/blob/ad863217386440ca968fccc9bfff65ba24e61142/crates/engine/src/layer_multi_cmds.rs#L685
engine,layer.lockLayers,layer,implemented,allowed,allowed,unexposed,,source_reviewed,typed_contract_not_implemented,"{""transparency"":bool?,""pixels"":bool?,""position"":bool?,""artboard"":bool?,""all"":bool?} (none given: toggle lock all)",https://github.com/storytold/photocraft/blob/ad863217386440ca968fccc9bfff65ba24e61142/crates/engine/src/layer_multi_cmds.rs#L692
engine,layer.maskAllObjects,layer,implemented,allowed,allowed,unexposed,,source_reviewed,typed_contract_not_implemented,"{""layer"":id?}",https://github.com/storytold/photocraft/blob/ad863217386440ca968fccc9bfff65ba24e61142/crates/engine/src/layer_menu_cmds.rs#L731
engine,layer.matting.colorDecontaminate,layer,implemented,allowed,allowed,unexposed,,source_reviewed,typed_contract_not_implemented,"{""amount"":0..100=100,""radius"":1..100=4}",https://github.com/storytold/photocraft/blob/ad863217386440ca968fccc9bfff65ba24e61142/crates/engine/src/layer_menu_cmds.rs#L736
engine,layer.matting.defringe,layer,implemented,allowed,allowed,unexposed,,source_reviewed,typed_contract_not_implemented,"{""width"":1..200=1}",https://github.com/storytold/photocraft/blob/ad863217386440ca968fccc9bfff65ba24e61142/crates/engine/src/layer_menu_cmds.rs#L732
engine,layer.matting.removeBlackMatte,layer,implemented,allowed,allowed,unexposed,,source_reviewed,typed_contract_not_implemented,{},https://github.com/storytold/photocraft/blob/ad863217386440ca968fccc9bfff65ba24e61142/crates/engine/src/layer_menu_cmds.rs#L733
engine,layer.matting.removeWhiteMatte,layer,implemented,allowed,allowed,unexposed,,source_reviewed,typed_contract_not_implemented,{},https://github.com/storytold/photocraft/blob/ad863217386440ca968fccc9bfff65ba24e61142/crates/engine/src/layer_menu_cmds.rs#L734
engine,layer.mergeDown,layer,implemented,allowed,allowed,unexposed,,source_reviewed,typed_contract_not_implemented,"{""layer"":id?}",https://github.com/storytold/photocraft/blob/ad863217386440ca968fccc9bfff65ba24e61142/crates/engine/src/commands.rs#L567
engine,layer.mergeLayers,layer,implemented,allowed,allowed,unexposed,,source_reviewed,typed_contract_not_implemented,{} (one layer selected: Merge Down),https://github.com/storytold/photocraft/blob/ad863217386440ca968fccc9bfff65ba24e61142/crates/engine/src/layer_multi_cmds.rs#L688
engine,layer.mergeVisible,layer,implemented,allowed,allowed,unexposed,,source_reviewed,typed_contract_not_implemented,{},https://github.com/storytold/photocraft/blob/ad863217386440ca968fccc9bfff65ba24e61142/crates/engine/src/edit_cmds.rs#L416
engine,layer.moveTo,layer,implemented,allowed,allowed,partial,layer_arrange,source_reviewed,reviewed_bounded_typed_subset,"{""layer"":id?,""target"":id,""position"":""above|below|into""=""above""}",https://github.com/storytold/photocraft/blob/ad863217386440ca968fccc9bfff65ba24e61142/crates/engine/src/commands.rs#L657
engine,layer.new.artboard,layer,implemented,allowed,allowed,unexposed,,source_reviewed,typed_contract_not_implemented,"{""rect"":[x,y,w,h]? | ""x"",""y"",""width"",""height""? (default: canvas size, right of the last board),""preset"":""iPhone 14|Web 1920|A4|…""?,""name"":str?,""background"":""white|black|transparent|custom""=""white"",""color"":[r,g,b]|""#rrggbb""? (custom)} → {layer, rect}",https://github.com/storytold/photocraft/blob/ad863217386440ca968fccc9bfff65ba24e61142/crates/engine/src/artboard_cmds.rs#L440
engine,layer.new.artboardFromGroup,layer,implemented,allowed,allowed,unexposed,,source_reviewed,typed_contract_not_implemented,"{""layer"":id? (a top-level group; default active),""background"":…?} → {layer, rect}",https://github.com/storytold/photocraft/blob/ad863217386440ca968fccc9bfff65ba24e61142/crates/engine/src/artboard_cmds.rs#L448
engine,layer.new.artboardFromLayers,layer,implemented,allowed,allowed,unexposed,,source_reviewed,typed_contract_not_implemented,"{""name"":str?,""background"":…?} (the selected layers) → {layer, rect}",https://github.com/storytold/photocraft/blob/ad863217386440ca968fccc9bfff65ba24e61142/crates/engine/src/artboard_cmds.rs#L456
engine,layer.new.frameFromLayers,layer,implemented,allowed,allowed,unexposed,,source_reviewed,typed_contract_not_implemented,"{""name"":str?} → {layer, frame:[x,y,w,h]}: groups the selected layers and clips them to a frame rect",https://github.com/storytold/photocraft/blob/ad863217386440ca968fccc9bfff65ba24e61142/crates/engine/src/frame_cmds.rs#L57
engine,layer.new.group,layer,implemented,allowed,allowed,partial,layer_group,source_reviewed,reviewed_bounded_typed_subset,"{""name"":str?}",https://github.com/storytold/photocraft/blob/ad863217386440ca968fccc9bfff65ba24e61142/crates/engine/src/commands.rs#L400
engine,layer.new.groupFromLayers,layer,implemented,allowed,allowed,unexposed,,source_reviewed,typed_contract_not_implemented,"{""name"":str?}",https://github.com/storytold/photocraft/blob/ad863217386440ca968fccc9bfff65ba24e61142/crates/engine/src/layer_multi_cmds.rs#L689
engine,layer.new.layer,layer,implemented,allowed,allowed,partial,layer_create,source_reviewed,reviewed_bounded_typed_subset,"{""name"":str?}",https://github.com/storytold/photocraft/blob/ad863217386440ca968fccc9bfff65ba24e61142/crates/engine/src/commands.rs#L391
engine,layer.new.layerFromBackground,layer,implemented,allowed,allowed,unexposed,,source_reviewed,typed_contract_not_implemented,{},https://github.com/storytold/photocraft/blob/ad863217386440ca968fccc9bfff65ba24e61142/crates/engine/src/extra_cmds.rs#L591
engine,layer.new.layerViaCopy,layer,implemented,allowed,allowed,unexposed,,source_reviewed,typed_contract_not_implemented,{},https://github.com/storytold/photocraft/blob/ad863217386440ca968fccc9bfff65ba24e61142/crates/engine/src/edit_cmds.rs#L414
engine,layer.new.layerViaCut,layer,implemented,allowed,allowed,unexposed,,source_reviewed,typed_contract_not_implemented,{},https://github.com/storytold/photocraft/blob/ad863217386440ca968fccc9bfff65ba24e61142/crates/engine/src/edit_cmds.rs#L415
engine,layer.newAdjustmentLayer.blackWhite,layer,implemented,allowed,allowed,unexposed,,source_reviewed,typed_contract_not_implemented,"{""reds"":-200..300=40,""yellows"":-200..300=60,""greens"":-200..300=40,""cyans"":-200..300=60,""blues"":-200..300=20,""magentas"":-200..300=80,""tint"":bool=false,""tintColor"":""#rrggbb""}",https://github.com/storytold/photocraft/blob/ad863217386440ca968fccc9bfff65ba24e61142/crates/engine/src/commands.rs#L158
engine,layer.newAdjustmentLayer.brightnessContrast,layer,implemented,allowed,allowed,partial,adjustment_tone,source_reviewed,reviewed_bounded_typed_subset,"{""brightness"":-150..150=0,""contrast"":-50..100=0,""legacy"":bool=false}",https://github.com/storytold/photocraft/blob/ad863217386440ca968fccc9bfff65ba24e61142/crates/engine/src/commands.rs#L158
engine,layer.newAdjustmentLayer.channelMixer,layer,implemented,allowed,allowed,unexposed,,source_reviewed,typed_contract_not_implemented,"{""red"":json,""green"":json,""blue"":json,""gray"":json,""monochrome"":bool=false} (per output channel [red %, green %, blue %, constant %] in -200..200; gray = the monochrome mix)",https://github.com/storytold/photocraft/blob/ad863217386440ca968fccc9bfff65ba24e61142/crates/engine/src/commands.rs#L158
engine,layer.newAdjustmentLayer.colorBalance,layer,implemented,allowed,allowed,unexposed,,source_reviewed,typed_contract_not_implemented,"{""shadows"":json,""midtones"":json,""highlights"":json,""preserveLuminosity"":bool=true} (each tone [cyan-red, magenta-green, yellow-blue] in -100..100)",https://github.com/storytold/photocraft/blob/ad863217386440ca968fccc9bfff65ba24e61142/crates/engine/src/commands.rs#L158
engine,layer.newAdjustmentLayer.colorLookup,layer,implemented,conditional,conditional,unexposed,,source_reviewed,typed_contract_not_implemented,"{""lut"":""none|warm|cool|tealOrange|bleachBypass|fadedFilm|dayForNight|monoContrast|crossProcess""=""none"",""file"":text,""interpolation"":""trilinear|tetrahedral""=""trilinear"",""dither"":bool=false,""data"":json} (file: .cube/.3dl/.look path; data: file text + ""fileName"")",https://github.com/storytold/photocraft/blob/ad863217386440ca968fccc9bfff65ba24e61142/crates/engine/src/commands.rs#L158 | https://github.com/storytold/photocraft/blob/ad863217386440ca968fccc9bfff65ba24e61142/crates/automation/src/workspace.rs#L181
engine,layer.newAdjustmentLayer.curves,layer,implemented,allowed,allowed,partial,adjustment_tone,source_reviewed,reviewed_bounded_typed_subset,"{""points"":json,""red"":json,""green"":json,""blue"":json} (curves as [[in,out],…] in 0..255, 2..19 points: points = composite; red/green/blue, gray, cyan/magenta/yellow/black or lightness/a/b per channel)",https://github.com/storytold/photocraft/blob/ad863217386440ca968fccc9bfff65ba24e61142/crates/engine/src/commands.rs#L158
engine,layer.newAdjustmentLayer.exposure,layer,implemented,allowed,allowed,partial,adjustment_tone,source_reviewed,reviewed_bounded_typed_subset,"{""exposure"":-20..20=0,""offset"":-0.5..0.5=0,""gamma"":0.01..9.99=1}",https://github.com/storytold/photocraft/blob/ad863217386440ca968fccc9bfff65ba24e61142/crates/engine/src/commands.rs#L158
engine,layer.newAdjustmentLayer.gradientMap,layer,implemented,allowed,allowed,unexposed,,source_reviewed,typed_contract_not_implemented,"{""stops"":json,""reverse"":bool=false,""dither"":bool=false} (stops [[location 0..1, ""#rrggbb""], …], 2..64)",https://github.com/storytold/photocraft/blob/ad863217386440ca968fccc9bfff65ba24e61142/crates/engine/src/commands.rs#L158
engine,layer.newAdjustmentLayer.hueSaturation,layer,implemented,allowed,allowed,partial,adjustment_create,source_reviewed,reviewed_bounded_typed_subset,"{""hue"":-180..180=0,""saturation"":-100..100=0,""lightness"":-100..100=0,""colorize"":bool=false,""reds"":json,""yellows"":json,""greens"":json,""cyans"":json,""blues"":json,""magentas"":json} (per range {""hue"",""saturation"",""lightness"",""range"":[4 hue degrees]}; colorize: hue 0..360, saturation 0..100)",https://github.com/storytold/photocraft/blob/ad863217386440ca968fccc9bfff65ba24e61142/crates/engine/src/commands.rs#L158
engine,layer.newAdjustmentLayer.invert,layer,implemented,allowed,allowed,unexposed,,source_reviewed,typed_contract_not_implemented,{},https://github.com/storytold/photocraft/blob/ad863217386440ca968fccc9bfff65ba24e61142/crates/engine/src/commands.rs#L158
engine,layer.newAdjustmentLayer.levels,layer,implemented,allowed,allowed,partial,adjustment_tone,source_reviewed,reviewed_bounded_typed_subset,"{""inBlack"":0..253=0,""gamma"":0.01..9.99=1,""inWhite"":2..255=255,""outBlack"":0..255=0,""outWhite"":0..255=255,""red"":json,""green"":json,""blue"":json} (top level = composite; per channel {""inBlack"",""gamma"",""inWhite"",""outBlack"",""outWhite""} under red/green/blue, gray, cyan/magenta/yellow/black or lightness/a/b)",https://github.com/storytold/photocraft/blob/ad863217386440ca968fccc9bfff65ba24e61142/crates/engine/src/commands.rs#L158
engine,layer.newAdjustmentLayer.photoFilter,layer,implemented,allowed,allowed,unexposed,,source_reviewed,typed_contract_not_implemented,"{""filter"":""warming85|warmingLBA|warming81|cooling80|coolingLBB|cooling82|red|orange|yellow|green|cyan|blue|violet|magenta|sepia|deepRed|deepBlue|deepEmerald|deepYellow|underwater"",""color"":""#rrggbb"",""density"":0..100=25,""preserveLuminosity"":bool=true}",https://github.com/storytold/photocraft/blob/ad863217386440ca968fccc9bfff65ba24e61142/crates/engine/src/commands.rs#L158
engine,layer.newAdjustmentLayer.posterize,layer,implemented,allowed,allowed,unexposed,,source_reviewed,typed_contract_not_implemented,"{""levels"":2..255=4}",https://github.com/storytold/photocraft/blob/ad863217386440ca968fccc9bfff65ba24e61142/crates/engine/src/commands.rs#L158
engine,layer.newAdjustmentLayer.selectiveColor,layer,implemented,allowed,allowed,unexposed,,source_reviewed,typed_contract_not_implemented,"{""method"":""relative|absolute""=""relative"",""colors"":""reds|yellows|greens|cyans|blues|magentas|whites|neutrals|blacks""=""reds"",""cyan"":-100..100=0,""magenta"":-100..100=0,""yellow"":-100..100=0,""black"":-100..100=0,""reds"":json} (per-range [c,m,y,k] arrays: reds yellows greens cyans blues magentas whites neutrals blacks)",https://github.com/storytold/photocraft/blob/ad863217386440ca968fccc9bfff65ba24e61142/crates/engine/src/commands.rs#L158
engine,layer.newAdjustmentLayer.threshold,layer,implemented,allowed,allowed,unexposed,,source_reviewed,typed_contract_not_implemented,"{""level"":1..255=128}",https://github.com/storytold/photocraft/blob/ad863217386440ca968fccc9bfff65ba24e61142/crates/engine/src/commands.rs#L158
engine,layer.newAdjustmentLayer.vibrance,layer,implemented,allowed,allowed,partial,adjustment_create,source_reviewed,reviewed_bounded_typed_subset,"{""vibrance"":-100..100=0,""saturation"":-100..100=0}",https://github.com/storytold/photocraft/blob/ad863217386440ca968fccc9bfff65ba24e61142/crates/engine/src/commands.rs#L158
engine,layer.newFillLayer.gradient,layer,implemented,allowed,allowed,partial,fill_layer,source_reviewed,reviewed_bounded_typed_subset,"{""from"":""#rrggbb"",""to"":""#rrggbb"",""angle"":deg=90,""style"":""linear|radial|angle|reflected|diamond"",""reverse"":bool}",https://github.com/storytold/photocraft/blob/ad863217386440ca968fccc9bfff65ba24e61142/crates/engine/src/commands.rs#L610
engine,layer.newFillLayer.pattern,layer,implemented,allowed,allowed,unexposed,,source_reviewed,typed_contract_not_implemented,"{""pattern"":id|name?=first library pattern,""scale"":1..1000=100,""angle"":deg=0,""link"":bool=true,""phase"":[x,y]?}",https://github.com/storytold/photocraft/blob/ad863217386440ca968fccc9bfff65ba24e61142/crates/engine/src/pattern_cmds.rs#L456 | https://github.com/storytold/photocraft/blob/ad863217386440ca968fccc9bfff65ba24e61142/crates/engine/src/pattern_cmds.rs#L304 | https://github.com/storytold/photocraft/blob/ad863217386440ca968fccc9bfff65ba24e61142/crates/automation/src/workspace.rs#L131
engine,layer.newFillLayer.solidColor,layer,implemented,allowed,allowed,partial,fill_layer,source_reviewed,reviewed_bounded_typed_subset,"{""color"":""#rrggbb""=foreground}",https://github.com/storytold/photocraft/blob/ad863217386440ca968fccc9bfff65ba24e61142/crates/engine/src/commands.rs#L599
engine,layer.newLayerBasedSlice,layer,implemented,allowed,allowed,unexposed,,source_reviewed,typed_contract_not_implemented,"{""layer"":id?,""name"":str?,""url"":str?,""alt"":str?} (follows the layer's bounds with effects) → {slice, rect}",https://github.com/storytold/photocraft/blob/ad863217386440ca968fccc9bfff65ba24e61142/crates/engine/src/slice_cmds.rs#L491
engine,layer.pickAt,layer,implemented,allowed,allowed,unexposed,,source_reviewed,typed_contract_not_implemented,"{""x"":px,""y"":px,""target"":""layer|group""=""layer"",""select"":bool=true,""mode"":""replace|toggle|add""=""replace"",""list"":bool=false (return every layer with pixels there, topmost first)} → {layer} | {layers}",https://github.com/storytold/photocraft/blob/ad863217386440ca968fccc9bfff65ba24e61142/crates/engine/src/pick_cmds.rs#L77
engine,layer.quickExportAsPng,layer,implemented,conditional,conditional,unexposed,,source_reviewed,typed_contract_not_implemented,"{""layer"":id?,""path"":text}",https://github.com/storytold/photocraft/blob/ad863217386440ca968fccc9bfff65ba24e61142/crates/engine/src/layer_menu_cmds.rs#L791 | https://github.com/storytold/photocraft/blob/ad863217386440ca968fccc9bfff65ba24e61142/crates/automation/src/workspace.rs#L181
engine,layer.rasterize.allLayers,layer,implemented,allowed,allowed,unexposed,,source_reviewed,typed_contract_not_implemented,{},https://github.com/storytold/photocraft/blob/ad863217386440ca968fccc9bfff65ba24e61142/crates/engine/src/extra_cmds.rs#L643
engine,layer.rasterize.fillContent,layer,implemented,allowed,allowed,unexposed,,source_reviewed,typed_contract_not_implemented,"{""layer"":id?}",https://github.com/storytold/photocraft/blob/ad863217386440ca968fccc9bfff65ba24e61142/crates/engine/src/extra_cmds.rs#L645
engine,layer.rasterize.layer,layer,implemented,allowed,allowed,unexposed,,source_reviewed,typed_contract_not_implemented,"{""layer"":id?}",https://github.com/storytold/photocraft/blob/ad863217386440ca968fccc9bfff65ba24e61142/crates/engine/src/extra_cmds.rs#L642
engine,layer.rasterize.shape,layer,implemented,allowed,allowed,unexposed,,source_reviewed,typed_contract_not_implemented,"{""layer"":id?}",https://github.com/storytold/photocraft/blob/ad863217386440ca968fccc9bfff65ba24e61142/crates/engine/src/vector_cmds.rs#L1221
engine,layer.rasterize.smartObject,layer,implemented,allowed,allowed,unexposed,,source_reviewed,typed_contract_not_implemented,"{""layer"":id?}",https://github.com/storytold/photocraft/blob/ad863217386440ca968fccc9bfff65ba24e61142/crates/engine/src/extra_cmds.rs#L650
engine,layer.rasterize.type,layer,implemented,allowed,allowed,unexposed,,source_reviewed,typed_contract_not_implemented,"{""layer"":id?}",https://github.com/storytold/photocraft/blob/ad863217386440ca968fccc9bfff65ba24e61142/crates/engine/src/extra_cmds.rs#L644
engine,layer.rasterize.vectorMask,layer,implemented,allowed,allowed,unexposed,,source_reviewed,typed_contract_not_implemented,"{""layer"":id?} (multiplied into the layer mask)",https://github.com/storytold/photocraft/blob/ad863217386440ca968fccc9bfff65ba24e61142/crates/engine/src/vector_cmds.rs#L1194
engine,layer.rasterize.video,layer,implemented,allowed,allowed,unexposed,,source_reviewed,typed_contract_not_implemented,{} → {},https://github.com/storytold/photocraft/blob/ad863217386440ca968fccc9bfff65ba24e61142/crates/engine/src/video_cmds.rs#L367
engine,layer.releaseClippingMask,layer,implemented,allowed,allowed,unexposed,,source_reviewed,typed_contract_not_implemented,"{""layer"":id?}",https://github.com/storytold/photocraft/blob/ad863217386440ca968fccc9bfff65ba24e61142/crates/engine/src/commands.rs#L536
engine,layer.renameLayer,layer,implemented,allowed,allowed,unexposed,,source_reviewed,typed_contract_not_implemented,"{""layer"":id?,""name"":str}",https://github.com/storytold/photocraft/blob/ad863217386440ca968fccc9bfff65ba24e61142/crates/engine/src/layer_multi_cmds.rs#L700
engine,layer.select,layer,implemented,allowed,allowed,partial,layer_select,source_reviewed,reviewed_bounded_typed_subset,"{""layer"":id,""mode"":""replace|toggle|range|add""=""replace""} (toggle = ⌘-click, range = ⇧-click)",https://github.com/storytold/photocraft/blob/ad863217386440ca968fccc9bfff65ba24e61142/crates/engine/src/commands.rs#L453
engine,layer.selectLinkedLayers,layer,implemented,allowed,allowed,unexposed,,source_reviewed,typed_contract_not_implemented,{},https://github.com/storytold/photocraft/blob/ad863217386440ca968fccc9bfff65ba24e61142/crates/engine/src/layer_multi_cmds.rs#L653
engine,layer.setAdjustment,layer,implemented,conditional,conditional,unexposed,,source_reviewed,typed_contract_not_implemented,"{""layer"":id?, …params of that adjustment kind}",https://github.com/storytold/photocraft/blob/ad863217386440ca968fccc9bfff65ba24e61142/crates/engine/src/commands.rs#L637 | https://github.com/storytold/photocraft/blob/ad863217386440ca968fccc9bfff65ba24e61142/crates/automation/src/workspace.rs#L181
engine,layer.setProps,layer,implemented,allowed,allowed,partial,layer_set | layer_import | fill_layer,source_reviewed,reviewed_bounded_typed_subset,"{""layer"":id?,""name"":str?,""visible"":bool?,""opacity"":0..1?,""fill"":0..1?,""blend"":""Multiply|…""?,""clipped"":bool?,""locked"":bool?,""locks"":{""transparency"",""pixels"",""position"",""artboard"",""all"":bool}?,""channels"":[bool,…]? (Advanced Blending: which colour channels blend, R G B / C M Y K / L a b)}",https://github.com/storytold/photocraft/blob/ad863217386440ca968fccc9bfff65ba24e61142/crates/engine/src/commands.rs#L462
engine,layer.showLayers,layer,implemented,allowed,allowed,unexposed,,source_reviewed,typed_contract_not_implemented,"{""layer"":id?}",https://github.com/storytold/photocraft/blob/ad863217386440ca968fccc9bfff65ba24e61142/crates/engine/src/extra_cmds.rs#L675
engine,layer.smartFilter.blendingOptions,layer,implemented,conditional,allowed,unexposed,,source_reviewed,typed_contract_not_implemented,"{""layer"":id?,""index"":u32? (0 = bottom; default top),""blend"":str?,""opacity"":0..1?}",https://github.com/storytold/photocraft/blob/ad863217386440ca968fccc9bfff65ba24e61142/crates/engine/src/smart_cmds.rs#L917 | https://github.com/storytold/photocraft/blob/ad863217386440ca968fccc9bfff65ba24e61142/crates/engine/src/smart_cmds.rs#L69
engine,layer.smartFilter.clearSmartFilters,layer,implemented,conditional,allowed,unexposed,,source_reviewed,typed_contract_not_implemented,"{""layer"":id?}",https://github.com/storytold/photocraft/blob/ad863217386440ca968fccc9bfff65ba24e61142/crates/engine/src/smart_cmds.rs#L924 | https://github.com/storytold/photocraft/blob/ad863217386440ca968fccc9bfff65ba24e61142/crates/engine/src/smart_cmds.rs#L69
engine,layer.smartFilter.delete,layer,implemented,conditional,allowed,unexposed,,source_reviewed,typed_contract_not_implemented,"{""layer"":id?,""index"":u32?}",https://github.com/storytold/photocraft/blob/ad863217386440ca968fccc9bfff65ba24e61142/crates/engine/src/smart_cmds.rs#L947 | https://github.com/storytold/photocraft/blob/ad863217386440ca968fccc9bfff65ba24e61142/crates/engine/src/smart_cmds.rs#L69
engine,layer.smartFilter.deleteFilterMask,layer,implemented,conditional,allowed,unexposed,,source_reviewed,typed_contract_not_implemented,"{""layer"":id?}",https://github.com/storytold/photocraft/blob/ad863217386440ca968fccc9bfff65ba24e61142/crates/engine/src/smart_cmds.rs#L895 | https://github.com/storytold/photocraft/blob/ad863217386440ca968fccc9bfff65ba24e61142/crates/engine/src/smart_cmds.rs#L69
engine,layer.smartFilter.disableFilterMask,layer,implemented,conditional,allowed,unexposed,,source_reviewed,typed_contract_not_implemented,"{""layer"":id?,""enabled"":bool? (default: toggle)}",https://github.com/storytold/photocraft/blob/ad863217386440ca968fccc9bfff65ba24e61142/crates/engine/src/smart_cmds.rs#L902 | https://github.com/storytold/photocraft/blob/ad863217386440ca968fccc9bfff65ba24e61142/crates/engine/src/smart_cmds.rs#L69
engine,layer.smartFilter.disableSmartFilters,layer,implemented,conditional,allowed,unexposed,,source_reviewed,typed_contract_not_implemented,"{""layer"":id?,""enabled"":bool? (default: toggle)}",https://github.com/storytold/photocraft/blob/ad863217386440ca968fccc9bfff65ba24e61142/crates/engine/src/smart_cmds.rs#L883 | https://github.com/storytold/photocraft/blob/ad863217386440ca968fccc9bfff65ba24e61142/crates/engine/src/smart_cmds.rs#L69
engine,layer.smartFilter.move,layer,implemented,conditional,allowed,unexposed,,source_reviewed,typed_contract_not_implemented,"{""layer"":id?,""index"":u32?,""to"":u32}",https://github.com/storytold/photocraft/blob/ad863217386440ca968fccc9bfff65ba24e61142/crates/engine/src/smart_cmds.rs#L948 | https://github.com/storytold/photocraft/blob/ad863217386440ca968fccc9bfff65ba24e61142/crates/engine/src/smart_cmds.rs#L69
engine,layer.smartFilter.setParams,layer,implemented,conditional,allowed,unexposed,,source_reviewed,typed_contract_not_implemented,"{""layer"":id?,""index"":u32?,""params"":{…} (merged)}",https://github.com/storytold/photocraft/blob/ad863217386440ca968fccc9bfff65ba24e61142/crates/engine/src/smart_cmds.rs#L940 | https://github.com/storytold/photocraft/blob/ad863217386440ca968fccc9bfff65ba24e61142/crates/engine/src/smart_cmds.rs#L69
engine,layer.smartFilter.setVisible,layer,implemented,conditional,allowed,unexposed,,source_reviewed,typed_contract_not_implemented,"{""layer"":id?,""index"":u32?,""visible"":bool? (default: toggle)}",https://github.com/storytold/photocraft/blob/ad863217386440ca968fccc9bfff65ba24e61142/crates/engine/src/smart_cmds.rs#L932 | https://github.com/storytold/photocraft/blob/ad863217386440ca968fccc9bfff65ba24e61142/crates/engine/src/smart_cmds.rs#L69
engine,layer.smartObjects.convertToEmbedded,layer,implemented,denied,denied,blocked,,source_reviewed,upstream_workspace_denied,"{""layer"":id?}",https://github.com/storytold/photocraft/blob/ad863217386440ca968fccc9bfff65ba24e61142/crates/engine/src/smart_cmds.rs#L860 | https://github.com/storytold/photocraft/blob/ad863217386440ca968fccc9bfff65ba24e61142/crates/automation/src/workspace.rs#L140
engine,layer.smartObjects.convertToLinked,layer,implemented,denied,denied,blocked,,source_reviewed,upstream_workspace_denied,"{""layer"":id?,""path"":str} (writes the contents there)",https://github.com/storytold/photocraft/blob/ad863217386440ca968fccc9bfff65ba24e61142/crates/engine/src/smart_cmds.rs#L867 | https://github.com/storytold/photocraft/blob/ad863217386440ca968fccc9bfff65ba24e61142/crates/automation/src/workspace.rs#L140
engine,layer.smartObjects.convertToSmartObject,layer,implemented,allowed,allowed,unexposed,,source_reviewed,typed_contract_not_implemented,"{""layer"":id?}",https://github.com/storytold/photocraft/blob/ad863217386440ca968fccc9bfff65ba24e61142/crates/engine/src/smart_cmds.rs#L825
engine,layer.smartObjects.editContents,layer,implemented,denied,denied,blocked,,source_reviewed,upstream_workspace_denied,"{""layer"":id?} → opens the contents as a new document; saving (layer.smartObjects.saveContents) or closing it updates the smart object",https://github.com/storytold/photocraft/blob/ad863217386440ca968fccc9bfff65ba24e61142/crates/engine/src/smart_cmds.rs#L830 | https://github.com/storytold/photocraft/blob/ad863217386440ca968fccc9bfff65ba24e61142/crates/automation/src/workspace.rs#L140
engine,layer.smartObjects.exportContents,layer,implemented,denied,denied,blocked,,source_reviewed,upstream_workspace_denied,"{""layer"":id?,""path"":str}",https://github.com/storytold/photocraft/blob/ad863217386440ca968fccc9bfff65ba24e61142/crates/engine/src/smart_cmds.rs#L842 | https://github.com/storytold/photocraft/blob/ad863217386440ca968fccc9bfff65ba24e61142/crates/automation/src/workspace.rs#L140
engine,layer.smartObjects.newSmartObjectViaCopy,layer,implemented,denied,denied,blocked,,source_reviewed,upstream_workspace_denied,"{""layer"":id?}",https://github.com/storytold/photocraft/blob/ad863217386440ca968fccc9bfff65ba24e61142/crates/engine/src/smart_cmds.rs#L827 | https://github.com/storytold/photocraft/blob/ad863217386440ca968fccc9bfff65ba24e61142/crates/automation/src/workspace.rs#L140
engine,layer.smartObjects.perspectiveWarp,layer,implemented,denied,denied,blocked,,source_reviewed,upstream_workspace_denied,"{""planes"":[{""src"":[[x,y]×4],""dst"":[[x,y]×4]}…] (corners clockwise from top-left; corners that coincide in src are linked),""straighten"":""horizontal|vertical|auto""?,""interpolation"":""bicubic|bilinear|nearest"",""layer"":id?}",https://github.com/storytold/photocraft/blob/ad863217386440ca968fccc9bfff65ba24e61142/crates/engine/src/distort_cmds.rs#L31 | https://github.com/storytold/photocraft/blob/ad863217386440ca968fccc9bfff65ba24e61142/crates/automation/src/workspace.rs#L140
engine,layer.smartObjects.puppetWarp,layer,implemented,denied,denied,blocked,,source_reviewed,upstream_workspace_denied,"{""pins"":[{""src"":[x,y],""dst"":[x,y],""rotate"":deg?,""depth"":n?}…],""mode"":""rigid|normal|distort""=""normal"",""density"":""fewer|normal|more""=""normal"",""expansion"":px=2,""interpolation"":""bicubic|bilinear|nearest"",""layer"":id?} — mesh over the opaque region, as-rigid-as-possible; on a smart object it becomes a smart filter",https://github.com/storytold/photocraft/blob/ad863217386440ca968fccc9bfff65ba24e61142/crates/engine/src/distort_cmds.rs#L29 | https://github.com/storytold/photocraft/blob/ad863217386440ca968fccc9bfff65ba24e61142/crates/automation/src/workspace.rs#L140
engine,layer.smartObjects.rasterize,layer,implemented,denied,denied,blocked,,source_reviewed,upstream_workspace_denied,"{""layer"":id?}",https://github.com/storytold/photocraft/blob/ad863217386440ca968fccc9bfff65ba24e61142/crates/engine/src/smart_cmds.rs#L828 | https://github.com/storytold/photocraft/blob/ad863217386440ca968fccc9bfff65ba24e61142/crates/automation/src/workspace.rs#L140
engine,layer.smartObjects.relinkToFile,layer,implemented,denied,denied,blocked,,source_reviewed,upstream_workspace_denied,"{""layer"":id?,""path"":str}",https://github.com/storytold/photocraft/blob/ad863217386440ca968fccc9bfff65ba24e61142/crates/engine/src/smart_cmds.rs#L843 | https://github.com/storytold/photocraft/blob/ad863217386440ca968fccc9bfff65ba24e61142/crates/automation/src/workspace.rs#L140
engine,layer.smartObjects.replaceContents,layer,implemented,denied,denied,blocked,,source_reviewed,upstream_workspace_denied,"{""layer"":id?,""path"":str}",https://github.com/storytold/photocraft/blob/ad863217386440ca968fccc9bfff65ba24e61142/crates/engine/src/smart_cmds.rs#L841 | https://github.com/storytold/photocraft/blob/ad863217386440ca968fccc9bfff65ba24e61142/crates/automation/src/workspace.rs#L140
engine,layer.smartObjects.revealInFinder,layer,implemented,denied,denied,blocked,,source_reviewed,upstream_workspace_denied,"{""dryRun"":bool=false}",https://github.com/storytold/photocraft/blob/ad863217386440ca968fccc9bfff65ba24e61142/crates/engine/src/layer_menu_cmds.rs#L756 | https://github.com/storytold/photocraft/blob/ad863217386440ca968fccc9bfff65ba24e61142/crates/automation/src/workspace.rs#L140
engine,layer.smartObjects.saveContents,layer,implemented,denied,denied,blocked,,source_reviewed,upstream_workspace_denied,{} (in an Edit Contents document),https://github.com/storytold/photocraft/blob/ad863217386440ca968fccc9bfff65ba24e61142/crates/engine/src/smart_cmds.rs#L837 | https://github.com/storytold/photocraft/blob/ad863217386440ca968fccc9bfff65ba24e61142/crates/automation/src/workspace.rs#L140
engine,layer.smartObjects.stackMode.entropy,layer,implemented,denied,denied,blocked,,source_reviewed,upstream_workspace_denied,"{""layer"":id?}",https://github.com/storytold/photocraft/blob/ad863217386440ca968fccc9bfff65ba24e61142/crates/engine/src/layer_menu_cmds.rs#L743 | https://github.com/storytold/photocraft/blob/ad863217386440ca968fccc9bfff65ba24e61142/crates/automation/src/workspace.rs#L140
engine,layer.smartObjects.stackMode.kurtosis,layer,implemented,denied,denied,blocked,,source_reviewed,upstream_workspace_denied,"{""layer"":id?}",https://github.com/storytold/photocraft/blob/ad863217386440ca968fccc9bfff65ba24e61142/crates/engine/src/layer_menu_cmds.rs#L744 | https://github.com/storytold/photocraft/blob/ad863217386440ca968fccc9bfff65ba24e61142/crates/automation/src/workspace.rs#L140
engine,layer.smartObjects.stackMode.maximum,layer,implemented,denied,denied,blocked,,source_reviewed,upstream_workspace_denied,"{""layer"":id?}",https://github.com/storytold/photocraft/blob/ad863217386440ca968fccc9bfff65ba24e61142/crates/engine/src/layer_menu_cmds.rs#L745 | https://github.com/storytold/photocraft/blob/ad863217386440ca968fccc9bfff65ba24e61142/crates/automation/src/workspace.rs#L140
engine,layer.smartObjects.stackMode.mean,layer,implemented,denied,denied,blocked,,source_reviewed,upstream_workspace_denied,"{""layer"":id?}",https://github.com/storytold/photocraft/blob/ad863217386440ca968fccc9bfff65ba24e61142/crates/engine/src/layer_menu_cmds.rs#L746 | https://github.com/storytold/photocraft/blob/ad863217386440ca968fccc9bfff65ba24e61142/crates/automation/src/workspace.rs#L140
engine,layer.smartObjects.stackMode.median,layer,implemented,denied,denied,blocked,,source_reviewed,upstream_workspace_denied,"{""layer"":id?}",https://github.com/storytold/photocraft/blob/ad863217386440ca968fccc9bfff65ba24e61142/crates/engine/src/layer_menu_cmds.rs#L747 | https://github.com/storytold/photocraft/blob/ad863217386440ca968fccc9bfff65ba24e61142/crates/automation/src/workspace.rs#L140
engine,layer.smartObjects.stackMode.minimum,layer,implemented,denied,denied,blocked,,source_reviewed,upstream_workspace_denied,"{""layer"":id?}",https://github.com/storytold/photocraft/blob/ad863217386440ca968fccc9bfff65ba24e61142/crates/engine/src/layer_menu_cmds.rs#L748 | https://github.com/storytold/photocraft/blob/ad863217386440ca968fccc9bfff65ba24e61142/crates/automation/src/workspace.rs#L140
engine,layer.smartObjects.stackMode.none,layer,implemented,denied,denied,blocked,,source_reviewed,upstream_workspace_denied,"{""layer"":id?}",https://github.com/storytold/photocraft/blob/ad863217386440ca968fccc9bfff65ba24e61142/crates/engine/src/layer_menu_cmds.rs#L754 | https://github.com/storytold/photocraft/blob/ad863217386440ca968fccc9bfff65ba24e61142/crates/automation/src/workspace.rs#L140
engine,layer.smartObjects.stackMode.range,layer,implemented,denied,denied,blocked,,source_reviewed,upstream_workspace_denied,"{""layer"":id?}",https://github.com/storytold/photocraft/blob/ad863217386440ca968fccc9bfff65ba24e61142/crates/engine/src/layer_menu_cmds.rs#L749 | https://github.com/storytold/photocraft/blob/ad863217386440ca968fccc9bfff65ba24e61142/crates/automation/src/workspace.rs#L140
engine,layer.smartObjects.stackMode.skewness,layer,implemented,denied,denied,blocked,,source_reviewed,upstream_workspace_denied,"{""layer"":id?}",https://github.com/storytold/photocraft/blob/ad863217386440ca968fccc9bfff65ba24e61142/crates/engine/src/layer_menu_cmds.rs#L750 | https://github.com/storytold/photocraft/blob/ad863217386440ca968fccc9bfff65ba24e61142/crates/automation/src/workspace.rs#L140
engine,layer.smartObjects.stackMode.standardDeviation,layer,implemented,denied,denied,blocked,,source_reviewed,upstream_workspace_denied,"{""layer"":id?}",https://github.com/storytold/photocraft/blob/ad863217386440ca968fccc9bfff65ba24e61142/crates/engine/src/layer_menu_cmds.rs#L751 | https://github.com/storytold/photocraft/blob/ad863217386440ca968fccc9bfff65ba24e61142/crates/automation/src/workspace.rs#L140
engine,layer.smartObjects.stackMode.summation,layer,implemented,denied,denied,blocked,,source_reviewed,upstream_workspace_denied,"{""layer"":id?}",https://github.com/storytold/photocraft/blob/ad863217386440ca968fccc9bfff65ba24e61142/crates/engine/src/layer_menu_cmds.rs#L752 | https://github.com/storytold/photocraft/blob/ad863217386440ca968fccc9bfff65ba24e61142/crates/automation/src/workspace.rs#L140
engine,layer.smartObjects.stackMode.variance,layer,implemented,denied,denied,blocked,,source_reviewed,upstream_workspace_denied,"{""layer"":id?}",https://github.com/storytold/photocraft/blob/ad863217386440ca968fccc9bfff65ba24e61142/crates/engine/src/layer_menu_cmds.rs#L753 | https://github.com/storytold/photocraft/blob/ad863217386440ca968fccc9bfff65ba24e61142/crates/automation/src/workspace.rs#L140
engine,layer.smartObjects.updateAllModifiedContent,layer,implemented,denied,denied,blocked,,source_reviewed,upstream_workspace_denied,{},https://github.com/storytold/photocraft/blob/ad863217386440ca968fccc9bfff65ba24e61142/crates/engine/src/smart_cmds.rs#L853 | https://github.com/storytold/photocraft/blob/ad863217386440ca968fccc9bfff65ba24e61142/crates/automation/src/workspace.rs#L140
engine,layer.smartObjects.updateModifiedContent,layer,implemented,denied,denied,blocked,,source_reviewed,upstream_workspace_denied,"{""layer"":id?}",https://github.com/storytold/photocraft/blob/ad863217386440ca968fccc9bfff65ba24e61142/crates/engine/src/smart_cmds.rs#L847 | https://github.com/storytold/photocraft/blob/ad863217386440ca968fccc9bfff65ba24e61142/crates/automation/src/workspace.rs#L140
engine,layer.smartObjects.warp,layer,implemented,denied,denied,blocked,,source_reviewed,upstream_workspace_denied,"{""layer"":id?,""rect"":[x0,y0,x1,y1]? (warp box; default = layer content ∩ selection),""style"":""custom|none|arc|arcLower|arcUpper|arch|bulge|shellLower|shellUpper|flag|wave|fish|rise|fisheye|inflate|squeeze|twist"",""bend"":%=50,""hDistort"":%,""vDistort"":%,""vertical"":bool,""mesh"":{""us"":[0,…,1],""vs"":[0,…,1],""points"":[[x,y]…]} ((3c+1)×(3r+1) control points, row-major, document px),""grid"":[cols,rows]?,""warp"":{full warp object}?,""interpolation"":""bicubic|bilinear|nearest""}",https://github.com/storytold/photocraft/blob/ad863217386440ca968fccc9bfff65ba24e61142/crates/engine/src/warp_cmds.rs#L328 | https://github.com/storytold/photocraft/blob/ad863217386440ca968fccc9bfff65ba24e61142/crates/automation/src/workspace.rs#L140
engine,layer.translate,layer,implemented,allowed,allowed,partial,layer_translate,source_reviewed,reviewed_bounded_typed_subset,"{""layer"":id?,""dx"":i32,""dy"":i32} (no layer: every selected layer; linked layers follow)",https://github.com/storytold/photocraft/blob/ad863217386440ca968fccc9bfff65ba24e61142/crates/engine/src/commands.rs#L695
engine,layer.ungroupLayers,layer,implemented,allowed,allowed,unexposed,,source_reviewed,typed_contract_not_implemented,"{""layer"":id?}",https://github.com/storytold/photocraft/blob/ad863217386440ca968fccc9bfff65ba24e61142/crates/engine/src/extra_cmds.rs#L663
engine,layer.vectorMask.add,layer,implemented,allowed,allowed,unexposed,,source_reviewed,typed_contract_not_implemented,"{""layer"":id?,""path"":{…}? | ""name"":str|""work""? (copy a document path),""hide"":bool=false (Hide All = inverted)} → vector mask info. Without a path the mask reveals all.",https://github.com/storytold/photocraft/blob/ad863217386440ca968fccc9bfff65ba24e61142/crates/engine/src/vector_cmds.rs#L893 | https://github.com/storytold/photocraft/blob/ad863217386440ca968fccc9bfff65ba24e61142/crates/engine/src/vector_cmds.rs#L1169
engine,layer.vectorMask.currentPath,layer,implemented,allowed,allowed,unexposed,,source_reviewed,typed_contract_not_implemented,"{""layer"":id?,""name"":str|""work""=""work""}",https://github.com/storytold/photocraft/blob/ad863217386440ca968fccc9bfff65ba24e61142/crates/engine/src/vector_cmds.rs#L893 | https://github.com/storytold/photocraft/blob/ad863217386440ca968fccc9bfff65ba24e61142/crates/engine/src/vector_cmds.rs#L1212
engine,layer.vectorMask.delete,layer,implemented,allowed,allowed,unexposed,,source_reviewed,typed_contract_not_implemented,"{""layer"":id?}",https://github.com/storytold/photocraft/blob/ad863217386440ca968fccc9bfff65ba24e61142/crates/engine/src/vector_cmds.rs#L958 | https://github.com/storytold/photocraft/blob/ad863217386440ca968fccc9bfff65ba24e61142/crates/engine/src/vector_cmds.rs#L1192
engine,layer.vectorMask.edit,layer,implemented,allowed,allowed,unexposed,,source_reviewed,typed_contract_not_implemented,"{""layer"":id?,""path"":{…}?,""enabled"":bool?,""linked"":bool?,""density"":0..100?,""feather"":px?,""invert"":true?}. path: {""subpaths"":[{""closed"":bool=true,""op"":""combine|subtract|intersect|exclude"",""knots"":[[x,y] | {""anchor"":[x,y],""in"":[x,y],""out"":[x,y],""smooth"":bool}]}],""fillRule"":""nonzero|evenodd"",""inverted"":bool}",https://github.com/storytold/photocraft/blob/ad863217386440ca968fccc9bfff65ba24e61142/crates/engine/src/vector_cmds.rs#L926 | https://github.com/storytold/photocraft/blob/ad863217386440ca968fccc9bfff65ba24e61142/crates/engine/src/vector_cmds.rs#L1185
engine,layer.vectorMask.enabled,layer,implemented,allowed,allowed,unexposed,,source_reviewed,typed_contract_not_implemented,"{""layer"":id?,""enabled"":bool? (default: toggle)}",https://github.com/storytold/photocraft/blob/ad863217386440ca968fccc9bfff65ba24e61142/crates/engine/src/vector_cmds.rs#L1000 | https://github.com/storytold/photocraft/blob/ad863217386440ca968fccc9bfff65ba24e61142/crates/engine/src/vector_cmds.rs#L1215
engine,layer.vectorMask.fromPath,layer,implemented,allowed,allowed,unexposed,,source_reviewed,typed_contract_not_implemented,"{""layer"":id?,""name"":str|""work""=""work""}",https://github.com/storytold/photocraft/blob/ad863217386440ca968fccc9bfff65ba24e61142/crates/engine/src/vector_cmds.rs#L893 | https://github.com/storytold/photocraft/blob/ad863217386440ca968fccc9bfff65ba24e61142/crates/engine/src/vector_cmds.rs#L1177
engine,layer.vectorMask.hideAll,layer,implemented,allowed,allowed,unexposed,,source_reviewed,typed_contract_not_implemented,"{""layer"":id?}",https://github.com/storytold/photocraft/blob/ad863217386440ca968fccc9bfff65ba24e61142/crates/engine/src/vector_cmds.rs#L893 | https://github.com/storytold/photocraft/blob/ad863217386440ca968fccc9bfff65ba24e61142/crates/engine/src/vector_cmds.rs#L1207
engine,layer.vectorMask.info,layer,implemented,allowed,allowed,unexposed,,source_reviewed,typed_contract_not_implemented,"{""layer"":id?} → {layer,path,enabled,linked,density,feather}",https://github.com/storytold/photocraft/blob/ad863217386440ca968fccc9bfff65ba24e61142/crates/engine/src/vector_cmds.rs#L882 | https://github.com/storytold/photocraft/blob/ad863217386440ca968fccc9bfff65ba24e61142/crates/engine/src/vector_cmds.rs#L1258
engine,layer.vectorMask.linked,layer,implemented,allowed,allowed,unexposed,,source_reviewed,typed_contract_not_implemented,"{""layer"":id?,""linked"":bool? (default: toggle)}",https://github.com/storytold/photocraft/blob/ad863217386440ca968fccc9bfff65ba24e61142/crates/engine/src/vector_cmds.rs#L1000 | https://github.com/storytold/photocraft/blob/ad863217386440ca968fccc9bfff65ba24e61142/crates/engine/src/vector_cmds.rs#L1218
engine,layer.vectorMask.revealAll,layer,implemented,allowed,allowed,unexposed,,source_reviewed,typed_contract_not_implemented,"{""layer"":id?}",https://github.com/storytold/photocraft/blob/ad863217386440ca968fccc9bfff65ba24e61142/crates/engine/src/vector_cmds.rs#L893 | https://github.com/storytold/photocraft/blob/ad863217386440ca968fccc9bfff65ba24e61142/crates/engine/src/vector_cmds.rs#L1202
engine,layer.videoLayers.deleteFrame,layer,implemented,allowed,allowed,unexposed,,source_reviewed,typed_contract_not_implemented,{} → {},https://github.com/storytold/photocraft/blob/ad863217386440ca968fccc9bfff65ba24e61142/crates/engine/src/video_cmds.rs#L362
engine,layer.videoLayers.duplicateFrame,layer,implemented,allowed,allowed,unexposed,,source_reviewed,typed_contract_not_implemented,{} → {},https://github.com/storytold/photocraft/blob/ad863217386440ca968fccc9bfff65ba24e61142/crates/engine/src/video_cmds.rs#L361
engine,layer.videoLayers.insertBlankFrame,layer,implemented,allowed,allowed,unexposed,,source_reviewed,typed_contract_not_implemented,{} → {},https://github.com/storytold/photocraft/blob/ad863217386440ca968fccc9bfff65ba24e61142/crates/engine/src/video_cmds.rs#L360
engine,layer.videoLayers.interpretFootage,layer,implemented,allowed,allowed,unexposed,,source_reviewed,typed_contract_not_implemented,{} → {},https://github.com/storytold/photocraft/blob/ad863217386440ca968fccc9bfff65ba24e61142/crates/engine/src/video_cmds.rs#L370
engine,layer.videoLayers.newBlankVideoLayer,layer,implemented,allowed,allowed,unexposed,,source_reviewed,typed_contract_not_implemented,{} → {},https://github.com/storytold/photocraft/blob/ad863217386440ca968fccc9bfff65ba24e61142/crates/engine/src/video_cmds.rs#L359
engine,layer.videoLayers.newVideoLayerFromFile,layer,implemented,denied,denied,blocked,,source_reviewed,upstream_workspace_denied,{} → {},https://github.com/storytold/photocraft/blob/ad863217386440ca968fccc9bfff65ba24e61142/crates/engine/src/video_cmds.rs#L368 | https://github.com/storytold/photocraft/blob/ad863217386440ca968fccc9bfff65ba24e61142/crates/automation/src/workspace.rs#L140
engine,layer.videoLayers.rasterize,layer,implemented,allowed,allowed,unexposed,,source_reviewed,typed_contract_not_implemented,{} → {},https://github.com/storytold/photocraft/blob/ad863217386440ca968fccc9bfff65ba24e61142/crates/engine/src/video_cmds.rs#L366
engine,layer.videoLayers.reloadFrame,layer,implemented,denied,denied,blocked,,source_reviewed,upstream_workspace_denied,{} → {},https://github.com/storytold/photocraft/blob/ad863217386440ca968fccc9bfff65ba24e61142/crates/engine/src/video_cmds.rs#L371 | https://github.com/storytold/photocraft/blob/ad863217386440ca968fccc9bfff65ba24e61142/crates/automation/src/workspace.rs#L140
engine,layer.videoLayers.replaceFootage,layer,implemented,denied,denied,blocked,,source_reviewed,upstream_workspace_denied,{} → {},https://github.com/storytold/photocraft/blob/ad863217386440ca968fccc9bfff65ba24e61142/crates/engine/src/video_cmds.rs#L369 | https://github.com/storytold/photocraft/blob/ad863217386440ca968fccc9bfff65ba24e61142/crates/automation/src/workspace.rs#L140
engine,layer.videoLayers.restoreAllFrames,layer,implemented,allowed,allowed,unexposed,,source_reviewed,typed_contract_not_implemented,{} → {},https://github.com/storytold/photocraft/blob/ad863217386440ca968fccc9bfff65ba24e61142/crates/engine/src/video_cmds.rs#L364
engine,layer.videoLayers.restoreFrame,layer,implemented,allowed,allowed,unexposed,,source_reviewed,typed_contract_not_implemented,{} → {},https://github.com/storytold/photocraft/blob/ad863217386440ca968fccc9bfff65ba24e61142/crates/engine/src/video_cmds.rs#L363
engine,layer.videoLayers.showAlteredVideo,layer,implemented,allowed,allowed,unexposed,,source_reviewed,typed_contract_not_implemented,{} → {},https://github.com/storytold/photocraft/blob/ad863217386440ca968fccc9bfff65ba24e61142/crates/engine/src/video_cmds.rs#L365
engine,layerComp.apply,layerComp,implemented,allowed,allowed,unexposed,,source_reviewed,typed_contract_not_implemented,"{""comp"":id|name? (default: last applied)} → {comp, missingLayers}",https://github.com/storytold/photocraft/blob/ad863217386440ca968fccc9bfff65ba24e61142/crates/engine/src/comps_cmds.rs#L396
engine,layerComp.delete,layerComp,implemented,allowed,allowed,unexposed,,source_reviewed,typed_contract_not_implemented,"{""comp"":id|name?}",https://github.com/storytold/photocraft/blob/ad863217386440ca968fccc9bfff65ba24e61142/crates/engine/src/comps_cmds.rs#L399
engine,layerComp.duplicate,layerComp,implemented,allowed,allowed,unexposed,,source_reviewed,typed_contract_not_implemented,"{""comp"":id|name?} → {comp}",https://github.com/storytold/photocraft/blob/ad863217386440ca968fccc9bfff65ba24e61142/crates/engine/src/comps_cmds.rs#L400
engine,layerComp.list,layerComp,implemented,allowed,allowed,unexposed,,source_reviewed,typed_contract_not_implemented,"{} → {comps:[{id,name,comment,visibility,position,appearance,layers,missingLayers}],lastApplied,hasLastDocumentState}",https://github.com/storytold/photocraft/blob/ad863217386440ca968fccc9bfff65ba24e61142/crates/engine/src/comps_cmds.rs#L423
engine,layerComp.new,layerComp,implemented,allowed,allowed,unexposed,,source_reviewed,typed_contract_not_implemented,"{""name"":str=""Layer Comp N"",""comment"":str="""",""visibility"":bool=true,""position"":bool=true,""appearance"":bool=true} → {comp}",https://github.com/storytold/photocraft/blob/ad863217386440ca968fccc9bfff65ba24e61142/crates/engine/src/comps_cmds.rs#L381
engine,layerComp.next,layerComp,implemented,allowed,allowed,unexposed,,source_reviewed,typed_contract_not_implemented,{},https://github.com/storytold/photocraft/blob/ad863217386440ca968fccc9bfff65ba24e61142/crates/engine/src/comps_cmds.rs#L398
engine,layerComp.previous,layerComp,implemented,allowed,allowed,unexposed,,source_reviewed,typed_contract_not_implemented,{},https://github.com/storytold/photocraft/blob/ad863217386440ca968fccc9bfff65ba24e61142/crates/engine/src/comps_cmds.rs#L397
engine,layerComp.rename,layerComp,implemented,allowed,allowed,unexposed,,source_reviewed,typed_contract_not_implemented,"{""comp"":id|name?,""name"":str}",https://github.com/storytold/photocraft/blob/ad863217386440ca968fccc9bfff65ba24e61142/crates/engine/src/comps_cmds.rs#L401
engine,layerComp.restoreLastDocumentState,layerComp,implemented,allowed,allowed,unexposed,,source_reviewed,typed_contract_not_implemented,{},https://github.com/storytold/photocraft/blob/ad863217386440ca968fccc9bfff65ba24e61142/crates/engine/src/comps_cmds.rs#L411
engine,layerComp.setComment,layerComp,implemented,allowed,allowed,unexposed,,source_reviewed,typed_contract_not_implemented,"{""comp"":id|name?,""comment"":str}",https://github.com/storytold/photocraft/blob/ad863217386440ca968fccc9bfff65ba24e61142/crates/engine/src/comps_cmds.rs#L402
engine,layerComp.setOptions,layerComp,implemented,allowed,allowed,unexposed,,source_reviewed,typed_contract_not_implemented,"{""comp"":id|name?,""visibility"":bool?,""position"":bool?,""appearance"":bool?,""name"":str?,""comment"":str?}",https://github.com/storytold/photocraft/blob/ad863217386440ca968fccc9bfff65ba24e61142/crates/engine/src/comps_cmds.rs#L404
engine,layerComp.update,layerComp,implemented,allowed,allowed,unexposed,,source_reviewed,typed_contract_not_implemented,"{""comp"":id|name|""*""? (default: last applied; ""*"" = all),""what"":""all|visibility|position|appearance""=""all""}",https://github.com/storytold/photocraft/blob/ad863217386440ca968fccc9bfff65ba24e61142/crates/engine/src/comps_cmds.rs#L389
engine,layerComp.updateWarnings,layerComp,implemented,allowed,allowed,unexposed,,source_reviewed,typed_contract_not_implemented,"{""clear"":bool=false (drop states of deleted layers)} → {warnings:[{comp,name,missingLayers}],count}",https://github.com/storytold/photocraft/blob/ad863217386440ca968fccc9bfff65ba24e61142/crates/engine/src/comps_cmds.rs#L413
engine,measurementLog.delete,measurementLog,implemented,allowed,allowed,unexposed,,source_reviewed,typed_contract_not_implemented,"{""rows"":[ids]}|{""all"":true}",https://github.com/storytold/photocraft/blob/ad863217386440ca968fccc9bfff65ba24e61142/crates/engine/src/analysis_cmds.rs#L1185
engine,measurementLog.export,measurementLog,implemented,denied,denied,blocked,,source_reviewed,upstream_workspace_denied,"{""path"":str? (CSV file; omitted → returns the CSV text),""rows"":[ids]?}",https://github.com/storytold/photocraft/blob/ad863217386440ca968fccc9bfff65ba24e61142/crates/engine/src/analysis_cmds.rs#L1187 | https://github.com/storytold/photocraft/blob/ad863217386440ca968fccc9bfff65ba24e61142/crates/automation/src/workspace.rs#L140
engine,measurementLog.list,measurementLog,implemented,allowed,allowed,unexposed,,source_reviewed,typed_contract_not_implemented,{} → rows and columns,https://github.com/storytold/photocraft/blob/ad863217386440ca968fccc9bfff65ba24e61142/crates/engine/src/analysis_cmds.rs#L1184
engine,notes.add,notes,implemented,allowed,allowed,unexposed,,source_reviewed,typed_contract_not_implemented,"{""x"":px,""y"":px,""text"":str="""",""author"":str="""",""color"":""#rrggbb""|[r,g,b]=pale yellow,""open"":bool=true}",https://github.com/storytold/photocraft/blob/ad863217386440ca968fccc9bfff65ba24e61142/crates/engine/src/notes_cmds.rs#L194
engine,notes.delete,notes,implemented,allowed,allowed,unexposed,,source_reviewed,typed_contract_not_implemented,"{""index"":n}|{""all"":true}",https://github.com/storytold/photocraft/blob/ad863217386440ca968fccc9bfff65ba24e61142/crates/engine/src/notes_cmds.rs#L214
engine,notes.list,notes,implemented,allowed,allowed,unexposed,,source_reviewed,typed_contract_not_implemented,"{} → notes (index, author, text, colour, position, open, modified)",https://github.com/storytold/photocraft/blob/ad863217386440ca968fccc9bfff65ba24e61142/crates/engine/src/notes_cmds.rs#L224
engine,notes.set,notes,implemented,allowed,allowed,unexposed,,source_reviewed,typed_contract_not_implemented,"{""index"":n,""text"":str?,""author"":str?,""color"":""#rrggbb""|[r,g,b]?,""x"":px?,""y"":px?,""open"":bool?}",https://github.com/storytold/photocraft/blob/ad863217386440ca968fccc9bfff65ba24e61142/crates/engine/src/notes_cmds.rs#L204
engine,paint.backgroundEraser,paint,implemented,allowed,allowed,unexposed,,source_reviewed,typed_contract_not_implemented,"{""points"":[[x,y,pressure?],…],""size"":px?,""hardness"":0..1?,""brush"":{…}?,""preset"":name?,""sampling"":""continuous|once|backgroundSwatch""=""continuous"",""limits"":""discontiguous|contiguous|findEdges""=""contiguous"",""tolerance"":0..100=50,""protectForegroundColor"":bool=false,""seed"":u64?}",https://github.com/storytold/photocraft/blob/ad863217386440ca968fccc9bfff65ba24e61142/crates/engine/src/eraser_cmds.rs#L179
engine,paint.blur,paint,implemented,allowed,allowed,unexposed,,source_reviewed,typed_contract_not_implemented,"{""points"":[[x,y,pressure?],…],""size"":px=tool size,""hardness"":0..100=tool hardness,""opacity"":1..100=100,""flow"":1..100=100,""spacing"":1..1000 (% of size)=25,""layer"":id?=active,""strength"":1..100=50}",https://github.com/storytold/photocraft/blob/ad863217386440ca968fccc9bfff65ba24e61142/crates/engine/src/retouch_cmds.rs#L643
engine,paint.bucket,paint,implemented,allowed,allowed,unexposed,,source_reviewed,typed_contract_not_implemented,"{""x"":px,""y"":px,""tolerance"":0..255=32,""contiguous"":bool=true,""antiAlias"":bool=true,""contents"":""foreground|pattern""=""foreground"",""color"":""#rrggbb""=foreground,""pattern"":id|name (contents=pattern),""scale"":%=100,""angle"":deg,""opacity"":1..100=100,""target"":""pixels""|""mask""|""quickMask""|{""channel"":i}=Channels panel target}",https://github.com/storytold/photocraft/blob/ad863217386440ca968fccc9bfff65ba24e61142/crates/engine/src/paint_cmds.rs#L114
engine,paint.burn,paint,implemented,allowed,allowed,unexposed,,source_reviewed,typed_contract_not_implemented,"{""points"":[[x,y,pressure?],…],""size"":px=tool size,""hardness"":0..100=tool hardness,""opacity"":1..100=100,""flow"":1..100=100,""spacing"":1..1000 (% of size)=25,""layer"":id?=active,""range"":""shadows|midtones|highlights""=""midtones"",""exposure"":1..100=50,""protectTones"":bool=true}",https://github.com/storytold/photocraft/blob/ad863217386440ca968fccc9bfff65ba24e61142/crates/engine/src/retouch_cmds.rs#L623
engine,paint.cloneStamp,paint,implemented,allowed,allowed,unexposed,,source_reviewed,typed_contract_not_implemented,"{""points"":[[x,y,pressure?],…],""size"":px=tool size,""hardness"":0..100=tool hardness,""opacity"":1..100=100,""flow"":1..100=100,""spacing"":1..1000 (% of size)=25,""layer"":id?=active,""source"":[sx,sy] (sampled under the first point) | ""offset"":[dx,dy],""aligned"":bool=true,""sampleLayer"":""current|currentAndBelow|all""=""current"",""mode"":""normal|multiply|…""=""normal"" → {""damage"",""offset"",""aligned"",""nextSource""}}",https://github.com/storytold/photocraft/blob/ad863217386440ca968fccc9bfff65ba24e61142/crates/engine/src/retouch_cmds.rs#L579
engine,paint.colorReplacement,paint,implemented,allowed,allowed,unexposed,,source_reviewed,typed_contract_not_implemented,"{""points"":[…],""brush"":{…}?,""size"":px?,""mode"":""hue|saturation|color|luminosity""=""color"",""sampling"":""continuous|once|backgroundSwatch""=""continuous"",""limits"":""contiguous|discontiguous|findEdges""=""contiguous"",""tolerance"":0..100=30,""antiAlias"":bool=true,""color"":""#rrggbb""?=foreground,""seed"":u64?}",https://github.com/storytold/photocraft/blob/ad863217386440ca968fccc9bfff65ba24e61142/crates/engine/src/brush_cmds.rs#L544 | https://github.com/storytold/photocraft/blob/ad863217386440ca968fccc9bfff65ba24e61142/crates/engine/src/brush_cmds.rs#L343 | https://github.com/storytold/photocraft/blob/ad863217386440ca968fccc9bfff65ba24e61142/crates/automation/src/workspace.rs#L131
engine,paint.dodge,paint,implemented,allowed,allowed,unexposed,,source_reviewed,typed_contract_not_implemented,"{""points"":[[x,y,pressure?],…],""size"":px=tool size,""hardness"":0..100=tool hardness,""opacity"":1..100=100,""flow"":1..100=100,""spacing"":1..1000 (% of size)=25,""layer"":id?=active,""range"":""shadows|midtones|highlights""=""midtones"",""exposure"":1..100=50,""protectTones"":bool=true}",https://github.com/storytold/photocraft/blob/ad863217386440ca968fccc9bfff65ba24e61142/crates/engine/src/retouch_cmds.rs#L613
engine,paint.gradient,paint,implemented,allowed,allowed,unexposed,,source_reviewed,typed_contract_not_implemented,"{""from"":[x,y],""to"":[x,y],""style"":""linear|radial|angle|reflected|diamond""=""linear"",""colors"":[""#rrggbb"",…]? (evenly spaced),""gradient"":preset name?,""stops"":[[t,""#rrggbb""|""foreground""|""background""],…]?,""transparency"":[[t,0..100],…]? (default: the current gradient, see gradient.presets.select),""reverse"":bool=false,""dither"":bool=true,""opacity"":1..100=100,""mode"":""normal|multiply|…""=""normal"",""target"":""pixels""|""mask""|""quickMask""|{""channel"":i}=Channels panel target}",https://github.com/storytold/photocraft/blob/ad863217386440ca968fccc9bfff65ba24e61142/crates/engine/src/paint_cmds.rs#L124
engine,paint.healingBrush,paint,implemented,allowed,allowed,unexposed,,source_reviewed,typed_contract_not_implemented,"{""points"":[[x,y,pressure?],…],""size"":px=tool size,""hardness"":0..100=tool hardness,""opacity"":1..100=100,""flow"":1..100=100,""spacing"":1..1000 (% of size)=25,""layer"":id?=active,""source"":[sx,sy] | ""offset"":[dx,dy],""aligned"":bool=true,""sampleLayer"":""current|currentAndBelow|all""=""current"",""mode"":""normal|…""=""normal"" → {""damage"",""offset"",""aligned"",""nextSource""}}",https://github.com/storytold/photocraft/blob/ad863217386440ca968fccc9bfff65ba24e61142/crates/engine/src/retouch_cmds.rs#L591
engine,paint.historyBrush,paint,implemented,allowed,allowed,unexposed,,source_reviewed,typed_contract_not_implemented,"{""points"":[[x,y,pressure?],…],""size"":px=tool size,""hardness"":0..100=tool hardness,""opacity"":1..100=100,""flow"":1..100=100,""spacing"":1..1000 (% of size)=25,""layer"":id?=active,""state"":index (into history.entries; default 0 = the oldest held state, normally the Open snapshot)}",https://github.com/storytold/photocraft/blob/ad863217386440ca968fccc9bfff65ba24e61142/crates/engine/src/retouch_cmds.rs#L673
engine,paint.magicEraser,paint,implemented,allowed,allowed,unexposed,,source_reviewed,typed_contract_not_implemented,"{""x"":px,""y"":px,""tolerance"":0..255=32,""antiAlias"":bool=true,""contiguous"":bool=true,""sampleAllLayers"":bool=false,""opacity"":1..100=100}",https://github.com/storytold/photocraft/blob/ad863217386440ca968fccc9bfff65ba24e61142/crates/engine/src/eraser_cmds.rs#L169
engine,paint.mixerBrush,paint,implemented,allowed,allowed,unexposed,,source_reviewed,typed_contract_not_implemented,"{""points"":[…],""brush"":{…}?,""preset"":name?,""size"":px?,""wet"":0..100=50,""load"":0..100=50,""mix"":0..100=50,""flow"":0..100=100,""color"":""#rrggbb""?=foreground,""sampleAllLayers"":bool=false,""cleanAfterStroke"":bool=true,""loadAfterStroke"":bool=true,""seed"":u64?}",https://github.com/storytold/photocraft/blob/ad863217386440ca968fccc9bfff65ba24e61142/crates/engine/src/brush_cmds.rs#L536 | https://github.com/storytold/photocraft/blob/ad863217386440ca968fccc9bfff65ba24e61142/crates/engine/src/brush_cmds.rs#L304 | https://github.com/storytold/photocraft/blob/ad863217386440ca968fccc9bfff65ba24e61142/crates/automation/src/workspace.rs#L131
engine,paint.pencil,paint,implemented,allowed,allowed,unexposed,,source_reviewed,typed_contract_not_implemented,"{""points"":[[x,y,pressure?,tiltX?,tiltY?,rotation?,timeMs?,wheel?],…],""brush"":{…}?,""preset"":name?,""size"":px?,""opacity"":0..1?,""color"":""#rrggbb""?=foreground,""mode"":""normal|multiply|screen|…""=""normal"",""erase"":bool?,""autoErase"":bool=false,""seed"":u64?,""target"":""pixels""|""mask""|""quickMask""|{""channel"":i}=Channels panel target}",https://github.com/storytold/photocraft/blob/ad863217386440ca968fccc9bfff65ba24e61142/crates/engine/src/brush_cmds.rs#L528 | https://github.com/storytold/photocraft/blob/ad863217386440ca968fccc9bfff65ba24e61142/crates/engine/src/brush_cmds.rs#L289 | https://github.com/storytold/photocraft/blob/ad863217386440ca968fccc9bfff65ba24e61142/crates/automation/src/workspace.rs#L131
engine,paint.sharpen,paint,implemented,allowed,allowed,unexposed,,source_reviewed,typed_contract_not_implemented,"{""points"":[[x,y,pressure?],…],""size"":px=tool size,""hardness"":0..100=tool hardness,""opacity"":1..100=100,""flow"":1..100=100,""spacing"":1..1000 (% of size)=25,""layer"":id?=active,""strength"":1..100=50,""protectDetail"":bool=true}",https://github.com/storytold/photocraft/blob/ad863217386440ca968fccc9bfff65ba24e61142/crates/engine/src/retouch_cmds.rs#L653
engine,paint.smudge,paint,implemented,allowed,allowed,unexposed,,source_reviewed,typed_contract_not_implemented,"{""points"":[[x,y,pressure?],…],""size"":px=tool size,""hardness"":0..100=tool hardness,""opacity"":1..100=100,""flow"":1..100=100,""spacing"":1..1000 (% of size)=25,""layer"":id?=active,""strength"":1..100=50,""fingerPainting"":bool=false (starts with the foreground colour)}",https://github.com/storytold/photocraft/blob/ad863217386440ca968fccc9bfff65ba24e61142/crates/engine/src/retouch_cmds.rs#L663
engine,paint.sponge,paint,implemented,allowed,allowed,unexposed,,source_reviewed,typed_contract_not_implemented,"{""points"":[[x,y,pressure?],…],""size"":px=tool size,""hardness"":0..100=tool hardness,""opacity"":1..100=100,""flow"":1..100=100,""spacing"":1..1000 (% of size)=25,""layer"":id?=active,""mode"":""desaturate|saturate""=""desaturate"",""vibrance"":bool=true (flow = sponge strength)}",https://github.com/storytold/photocraft/blob/ad863217386440ca968fccc9bfff65ba24e61142/crates/engine/src/retouch_cmds.rs#L633
engine,paint.spotHealing,paint,implemented,allowed,allowed,unexposed,,source_reviewed,typed_contract_not_implemented,"{""points"":[[x,y,pressure?],…],""size"":px=tool size,""hardness"":0..100=tool hardness,""opacity"":1..100=100,""flow"":1..100=100,""spacing"":1..1000 (% of size)=25,""layer"":id?=active,""type"":""contentAware|createTexture|proximityMatch""=""contentAware""}",https://github.com/storytold/photocraft/blob/ad863217386440ca968fccc9bfff65ba24e61142/crates/engine/src/retouch_cmds.rs#L603
engine,paint.stroke,paint,implemented,allowed,allowed,partial,mask_paint,source_reviewed,reviewed_bounded_typed_subset,"{""points"":[[x,y,pressure?,tiltX?,tiltY?,rotation?,timeMs?,wheel?],…],""brush"":{…BrushSettings}?,""preset"":name?,""size"":px?,""hardness"":0..1?,""opacity"":0..1?,""flow"":0..1?,""spacing"":0..10?,""color"":""#rrggbb""?=foreground,""mode"":""normal|multiply|screen|…""=""normal"",""erase"":bool?,""smoothing"":0..1?,""zoom"":number=1,""seed"":u64?,""target"":""pixels""|""mask""|""quickMask""|{""channel"":i}=Channels panel target}",https://github.com/storytold/photocraft/blob/ad863217386440ca968fccc9bfff65ba24e61142/crates/engine/src/commands.rs#L735
engine,path.delete,path,implemented,allowed,allowed,unexposed,,source_reviewed,typed_contract_not_implemented,"{""name"":str|""work""=""work""}",https://github.com/storytold/photocraft/blob/ad863217386440ca968fccc9bfff65ba24e61142/crates/engine/src/vector_cmds.rs#L1141
engine,path.fill,path,implemented,allowed,allowed,unexposed,,source_reviewed,typed_contract_not_implemented,"{""name"":str|""work""|""layer""=""work"",""layer"":id? (pixel layer, default active),""color"":""#rrggbb""=foreground,""opacity"":0..100=100,""mode"":""normal|multiply|…""=""normal"",""feather"":px=0,""antiAlias"":bool=true}",https://github.com/storytold/photocraft/blob/ad863217386440ca968fccc9bfff65ba24e61142/crates/engine/src/vector_cmds.rs#L1153
engine,path.info,path,implemented,allowed,allowed,unexposed,,source_reviewed,typed_contract_not_implemented,"{""name"":str|""work""|""layer""=""work""} → {name,path}",https://github.com/storytold/photocraft/blob/ad863217386440ca968fccc9bfff65ba24e61142/crates/engine/src/vector_cmds.rs#L1118
engine,path.list,path,implemented,allowed,allowed,unexposed,,source_reviewed,typed_contract_not_implemented,"{} → {paths:[{name,knots,subpaths}],workPath,clippingPath,layerPath (active layer's shape path / vector mask)}",https://github.com/storytold/photocraft/blob/ad863217386440ca968fccc9bfff65ba24e61142/crates/engine/src/vector_cmds.rs#L1108
engine,path.rename,path,implemented,allowed,allowed,unexposed,,source_reviewed,typed_contract_not_implemented,"{""name"":str|""work""=""work"",""to"":str} (renaming the work path saves it)",https://github.com/storytold/photocraft/blob/ad863217386440ca968fccc9bfff65ba24e61142/crates/engine/src/vector_cmds.rs#L1142
engine,path.set,path,implemented,allowed,allowed,unexposed,,source_reviewed,typed_contract_not_implemented,"{""name"":str|""work""=""work"",""path"":{…},""op"":""combine|subtract|intersect|exclude""? (append to the existing path with this op instead of replacing)}. path: {""subpaths"":[{""closed"":bool=true,""op"":""combine|subtract|intersect|exclude"",""knots"":[[x,y] | {""anchor"":[x,y],""in"":[x,y],""out"":[x,y],""smooth"":bool}]}],""fillRule"":""nonzero|evenodd"",""inverted"":bool}",https://github.com/storytold/photocraft/blob/ad863217386440ca968fccc9bfff65ba24e61142/crates/engine/src/vector_cmds.rs#L1132
engine,path.stroke,path,implemented,allowed,allowed,unexposed,,source_reviewed,typed_contract_not_implemented,"{""name"":str|""work""|""layer""=""work"",""layer"":id? (pixel layer),""tool"":""brush|pencil|eraser""=""brush"",""size"":px?,""hardness"":0..1?,""opacity"":0..100?,""color"":""#rrggbb""=foreground} (current brush settings otherwise)",https://github.com/storytold/photocraft/blob/ad863217386440ca968fccc9bfff65ba24e61142/crates/engine/src/vector_cmds.rs#L1161
engine,path.toSelection,path,implemented,allowed,allowed,unexposed,,source_reviewed,typed_contract_not_implemented,"{""name"":str|""work""|""layer""=""work"",""feather"":px=0,""antiAlias"":bool=true,""mode"":""replace|add|subtract|intersect""=""replace""}",https://github.com/storytold/photocraft/blob/ad863217386440ca968fccc9bfff65ba24e61142/crates/engine/src/vector_cmds.rs#L1144
engine,pattern.delete,pattern,implemented,allowed,allowed,unexposed,,source_reviewed,typed_contract_not_implemented,"{""pattern"":id|name} (library only; documents keep their copy)",https://github.com/storytold/photocraft/blob/ad863217386440ca968fccc9bfff65ba24e61142/crates/engine/src/pattern_cmds.rs#L426 | https://github.com/storytold/photocraft/blob/ad863217386440ca968fccc9bfff65ba24e61142/crates/engine/src/pattern_cmds.rs#L259 | https://github.com/storytold/photocraft/blob/ad863217386440ca968fccc9bfff65ba24e61142/crates/automation/src/workspace.rs#L131
engine,pattern.export,pattern,implemented,denied,denied,blocked,,source_reviewed,upstream_workspace_denied,"{""path"":"".pat file"",""patterns"":[id|name]? (default: the whole library)}",https://github.com/storytold/photocraft/blob/ad863217386440ca968fccc9bfff65ba24e61142/crates/engine/src/pattern_cmds.rs#L446 | https://github.com/storytold/photocraft/blob/ad863217386440ca968fccc9bfff65ba24e61142/crates/engine/src/pattern_cmds.rs#L281 | https://github.com/storytold/photocraft/blob/ad863217386440ca968fccc9bfff65ba24e61142/crates/automation/src/workspace.rs#L131 | https://github.com/storytold/photocraft/blob/ad863217386440ca968fccc9bfff65ba24e61142/crates/automation/src/workspace.rs#L140
engine,pattern.import,pattern,implemented,denied,denied,blocked,,source_reviewed,upstream_workspace_denied,"{""path"":"".pat file""}",https://github.com/storytold/photocraft/blob/ad863217386440ca968fccc9bfff65ba24e61142/crates/engine/src/pattern_cmds.rs#L436 | https://github.com/storytold/photocraft/blob/ad863217386440ca968fccc9bfff65ba24e61142/crates/engine/src/pattern_cmds.rs#L265 | https://github.com/storytold/photocraft/blob/ad863217386440ca968fccc9bfff65ba24e61142/crates/automation/src/workspace.rs#L131 | https://github.com/storytold/photocraft/blob/ad863217386440ca968fccc9bfff65ba24e61142/crates/automation/src/workspace.rs#L140
engine,pattern.list,pattern,implemented,allowed,allowed,unexposed,,source_reviewed,typed_contract_not_implemented,"{} → [{id,name,width,height,mode,depth,inDocument,inLibrary}]",https://github.com/storytold/photocraft/blob/ad863217386440ca968fccc9bfff65ba24e61142/crates/engine/src/pattern_cmds.rs#L406 | https://github.com/storytold/photocraft/blob/ad863217386440ca968fccc9bfff65ba24e61142/crates/engine/src/pattern_cmds.rs#L164 | https://github.com/storytold/photocraft/blob/ad863217386440ca968fccc9bfff65ba24e61142/crates/automation/src/workspace.rs#L131
engine,pattern.presets.apply,pattern,implemented,allowed,allowed,unexposed,,source_reviewed,typed_contract_not_implemented,"{""pattern"":id|name?=selected,""scale"":1..1000=100,""angle"":deg=0} → {layer}",https://github.com/storytold/photocraft/blob/ad863217386440ca968fccc9bfff65ba24e61142/crates/engine/src/presets/patterns.rs#L181 | https://github.com/storytold/photocraft/blob/ad863217386440ca968fccc9bfff65ba24e61142/crates/engine/src/presets/patterns.rs#L97 | https://github.com/storytold/photocraft/blob/ad863217386440ca968fccc9bfff65ba24e61142/crates/automation/src/workspace.rs#L131
engine,pattern.presets.edit,pattern,implemented,allowed,allowed,unexposed,,source_reviewed,typed_contract_not_implemented,"{""action"":""rename|delete|move|newGroup|renameGroup|deleteGroup"",""preset"":name|[names] (rename/delete/move),""group"":name? (narrows the lookup; the group for renameGroup/deleteGroup),""name"":str (rename: new name; newGroup/renameGroup: group name),""to"":group (move),""index"":n? (move)}",https://github.com/storytold/photocraft/blob/ad863217386440ca968fccc9bfff65ba24e61142/crates/engine/src/presets/patterns.rs#L201 | https://github.com/storytold/photocraft/blob/ad863217386440ca968fccc9bfff65ba24e61142/crates/engine/src/presets/patterns.rs#L119 | https://github.com/storytold/photocraft/blob/ad863217386440ca968fccc9bfff65ba24e61142/crates/automation/src/workspace.rs#L131
engine,pattern.presets.list,pattern,implemented,allowed,allowed,unexposed,,source_reviewed,typed_contract_not_implemented,"{} → {groups:[{name,patterns:[{id,name,width,height}]}],current}",https://github.com/storytold/photocraft/blob/ad863217386440ca968fccc9bfff65ba24e61142/crates/engine/src/presets/patterns.rs#L161 | https://github.com/storytold/photocraft/blob/ad863217386440ca968fccc9bfff65ba24e61142/crates/engine/src/presets/patterns.rs#L43 | https://github.com/storytold/photocraft/blob/ad863217386440ca968fccc9bfff65ba24e61142/crates/automation/src/workspace.rs#L131
engine,pattern.presets.new,pattern,implemented,allowed,allowed,unexposed,,source_reviewed,typed_contract_not_implemented,"{""name"":str?,""group"":name?,""rect"":[x0,y0,x1,y1]?} (Define Pattern from the selection/canvas into a group)",https://github.com/storytold/photocraft/blob/ad863217386440ca968fccc9bfff65ba24e61142/crates/engine/src/presets/patterns.rs#L191 | https://github.com/storytold/photocraft/blob/ad863217386440ca968fccc9bfff65ba24e61142/crates/engine/src/presets/patterns.rs#L104 | https://github.com/storytold/photocraft/blob/ad863217386440ca968fccc9bfff65ba24e61142/crates/automation/src/workspace.rs#L131
engine,pattern.presets.select,pattern,implemented,allowed,allowed,unexposed,,source_reviewed,typed_contract_not_implemented,"{""pattern"":id|name,""applyToLayer"":bool=true (also changes a selected Pattern Fill layer)} (Fill and new Pattern Fill layers default to it)",https://github.com/storytold/photocraft/blob/ad863217386440ca968fccc9bfff65ba24e61142/crates/engine/src/presets/patterns.rs#L171 | https://github.com/storytold/photocraft/blob/ad863217386440ca968fccc9bfff65ba24e61142/crates/engine/src/presets/patterns.rs#L73 | https://github.com/storytold/photocraft/blob/ad863217386440ca968fccc9bfff65ba24e61142/crates/automation/src/workspace.rs#L131
engine,pattern.rename,pattern,implemented,allowed,allowed,unexposed,,source_reviewed,typed_contract_not_implemented,"{""pattern"":id|name,""name"":str}",https://github.com/storytold/photocraft/blob/ad863217386440ca968fccc9bfff65ba24e61142/crates/engine/src/pattern_cmds.rs#L416 | https://github.com/storytold/photocraft/blob/ad863217386440ca968fccc9bfff65ba24e61142/crates/engine/src/pattern_cmds.rs#L241 | https://github.com/storytold/photocraft/blob/ad863217386440ca968fccc9bfff65ba24e61142/crates/automation/src/workspace.rs#L131
engine,plugin.install,plugin,implemented,conditional,allowed,unexposed,,source_reviewed,typed_contract_not_implemented,"{""path"":text,""data"":json,""replace"":bool=true} (path: a .wasm file, native only; data: the module as base64)",https://github.com/storytold/photocraft/blob/ad863217386440ca968fccc9bfff65ba24e61142/crates/engine/src/plugin_cmds.rs#L239 | https://github.com/storytold/photocraft/blob/ad863217386440ca968fccc9bfff65ba24e61142/crates/engine/src/plugin_cmds.rs#L143 | https://github.com/storytold/photocraft/blob/ad863217386440ca968fccc9bfff65ba24e61142/crates/automation/src/workspace.rs#L131
engine,plugin.list,plugin,implemented,allowed,allowed,unexposed,,source_reviewed,typed_contract_not_implemented,{},https://github.com/storytold/photocraft/blob/ad863217386440ca968fccc9bfff65ba24e61142/crates/engine/src/plugin_cmds.rs#L226 | https://github.com/storytold/photocraft/blob/ad863217386440ca968fccc9bfff65ba24e61142/crates/engine/src/plugin_cmds.rs#L223 | https://github.com/storytold/photocraft/blob/ad863217386440ca968fccc9bfff65ba24e61142/crates/automation/src/workspace.rs#L131
engine,plugin.reload,plugin,implemented,conditional,allowed,unexposed,,source_reviewed,typed_contract_not_implemented,"{""path"":text} (a folder of .wasm plug-ins; default: the Plug-ins preference folder)",https://github.com/storytold/photocraft/blob/ad863217386440ca968fccc9bfff65ba24e61142/crates/engine/src/plugin_cmds.rs#L262 | https://github.com/storytold/photocraft/blob/ad863217386440ca968fccc9bfff65ba24e61142/crates/engine/src/plugin_cmds.rs#L206 | https://github.com/storytold/photocraft/blob/ad863217386440ca968fccc9bfff65ba24e61142/crates/automation/src/workspace.rs#L131
engine,plugin.remove,plugin,implemented,conditional,allowed,unexposed,,source_reviewed,typed_contract_not_implemented,"{""id"":text}",https://github.com/storytold/photocraft/blob/ad863217386440ca968fccc9bfff65ba24e61142/crates/engine/src/plugin_cmds.rs#L249 | https://github.com/storytold/photocraft/blob/ad863217386440ca968fccc9bfff65ba24e61142/crates/engine/src/plugin_cmds.rs#L223 | https://github.com/storytold/photocraft/blob/ad863217386440ca968fccc9bfff65ba24e61142/crates/automation/src/workspace.rs#L131
engine,plugin.run,plugin,implemented,conditional,allowed,unexposed,,source_reviewed,typed_contract_not_implemented,"{""id"":text,""params"":json} (plug-in parameters under ""params"" or at the top level; see plugin.list)",https://github.com/storytold/photocraft/blob/ad863217386440ca968fccc9bfff65ba24e61142/crates/engine/src/plugin_cmds.rs#L19 | https://github.com/storytold/photocraft/blob/ad863217386440ca968fccc9bfff65ba24e61142/crates/engine/src/plugin_cmds.rs#L65 | https://github.com/storytold/photocraft/blob/ad863217386440ca968fccc9bfff65ba24e61142/crates/automation/src/workspace.rs#L131
engine,prefs.get,prefs,implemented,allowed,allowed,unexposed,,source_reviewed,typed_contract_not_implemented,"{""path"":""section.key""?=everything (e.g. ""performance.historyStates"", ""colorSettings.workingRgb"")}",https://github.com/storytold/photocraft/blob/ad863217386440ca968fccc9bfff65ba24e61142/crates/engine/src/prefs.rs#L1377 | https://github.com/storytold/photocraft/blob/ad863217386440ca968fccc9bfff65ba24e61142/crates/engine/src/prefs.rs#L1192 | https://github.com/storytold/photocraft/blob/ad863217386440ca968fccc9bfff65ba24e61142/crates/automation/src/workspace.rs#L131
engine,prefs.reset,prefs,implemented,conditional,allowed,unexposed,,source_reviewed,typed_contract_not_implemented,"{""path"":""section|section.key""?=everything}",https://github.com/storytold/photocraft/blob/ad863217386440ca968fccc9bfff65ba24e61142/crates/engine/src/prefs.rs#L1394 | https://github.com/storytold/photocraft/blob/ad863217386440ca968fccc9bfff65ba24e61142/crates/engine/src/prefs.rs#L1225 | https://github.com/storytold/photocraft/blob/ad863217386440ca968fccc9bfff65ba24e61142/crates/automation/src/workspace.rs#L131
engine,prefs.set,prefs,implemented,conditional,conditional,unexposed,,source_reviewed,typed_contract_not_implemented,"{""path"":""section.key"",""value"":json} or {""values"":{""section.key"":json,…}} (validated; all or nothing)",https://github.com/storytold/photocraft/blob/ad863217386440ca968fccc9bfff65ba24e61142/crates/engine/src/prefs.rs#L1386 | https://github.com/storytold/photocraft/blob/ad863217386440ca968fccc9bfff65ba24e61142/crates/engine/src/prefs.rs#L1198 | https://github.com/storytold/photocraft/blob/ad863217386440ca968fccc9bfff65ba24e61142/crates/automation/src/workspace.rs#L131 | https://github.com/storytold/photocraft/blob/ad863217386440ca968fccc9bfff65ba24e61142/crates/automation/src/workspace.rs#L181 | https://github.com/storytold/photocraft/blob/ad863217386440ca968fccc9bfff65ba24e61142/crates/engine/src/prefs.rs#L1158
engine,select.all,select,implemented,allowed,allowed,partial,selection_all,source_reviewed,reviewed_bounded_typed_subset,{},https://github.com/storytold/photocraft/blob/ad863217386440ca968fccc9bfff65ba24e61142/crates/engine/src/commands.rs#L297
engine,select.allLayers,select,implemented,allowed,allowed,unexposed,,source_reviewed,typed_contract_not_implemented,{},https://github.com/storytold/photocraft/blob/ad863217386440ca968fccc9bfff65ba24e61142/crates/engine/src/layer_multi_cmds.rs#L120 | https://github.com/storytold/photocraft/blob/ad863217386440ca968fccc9bfff65ba24e61142/crates/engine/src/layer_multi_cmds.rs#L643
engine,select.colorRange,select,implemented,allowed,allowed,unexposed,,source_reviewed,typed_contract_not_implemented,"{""select"":""sampledColors|reds|yellows|greens|cyans|blues|magentas|highlights|midtones|shadows|outOfGamut""=""sampledColors"",""color"":""#rrggbb""=foreground,""colors"":[""#rrggbb"",…]?,""points"":[[x,y],…]? (eyedropper samples),""subtractPoints"":[[x,y],…]? (minus eyedropper),""fuzziness"":0..200=40 (tones: 0..100 %=20),""localized"":bool=false,""range"":0..100=100 (% of the longer side),""tonalRange"":level|[lo,hi] (shadows 65, highlights 190, midtones [105,150]),""invert"":bool=false,""sampleAllLayers"":bool=true,""mode"":""replace|add|subtract|intersect""=""replace""}",https://github.com/storytold/photocraft/blob/ad863217386440ca968fccc9bfff65ba24e61142/crates/engine/src/selection_cmds.rs#L122 | https://github.com/storytold/photocraft/blob/ad863217386440ca968fccc9bfff65ba24e61142/crates/engine/src/selection_cmds.rs#L326
engine,select.convertToShape,select,implemented,allowed,allowed,unexposed,,source_reviewed,typed_contract_not_implemented,"{""tolerance"":px=2,""fill"":""#rrggbb""=foreground,""name"":str?} → shape.info",https://github.com/storytold/photocraft/blob/ad863217386440ca968fccc9bfff65ba24e61142/crates/engine/src/vector_cmds.rs#L1038 | https://github.com/storytold/photocraft/blob/ad863217386440ca968fccc9bfff65ba24e61142/crates/engine/src/vector_cmds.rs#L1250
engine,select.deselect,select,implemented,allowed,allowed,partial,selection_clear,source_reviewed,reviewed_bounded_typed_subset,{},https://github.com/storytold/photocraft/blob/ad863217386440ca968fccc9bfff65ba24e61142/crates/engine/src/commands.rs#L306
engine,select.deselectLayers,select,implemented,allowed,allowed,unexposed,,source_reviewed,typed_contract_not_implemented,{},https://github.com/storytold/photocraft/blob/ad863217386440ca968fccc9bfff65ba24e61142/crates/engine/src/layer_multi_cmds.rs#L644
engine,select.editInQuickMaskMode,select,implemented,allowed,allowed,unexposed,,source_reviewed,typed_contract_not_implemented,"{""on"":bool?=toggle}",https://github.com/storytold/photocraft/blob/ad863217386440ca968fccc9bfff65ba24e61142/crates/engine/src/channel_cmds.rs#L736 | https://github.com/storytold/photocraft/blob/ad863217386440ca968fccc9bfff65ba24e61142/crates/engine/src/channel_cmds.rs#L1455
engine,select.findLayers,select,implemented,allowed,allowed,unexposed,,source_reviewed,typed_contract_not_implemented,"{""name"":str (case-insensitive substring)}",https://github.com/storytold/photocraft/blob/ad863217386440ca968fccc9bfff65ba24e61142/crates/engine/src/layer_multi_cmds.rs#L132 | https://github.com/storytold/photocraft/blob/ad863217386440ca968fccc9bfff65ba24e61142/crates/engine/src/layer_multi_cmds.rs#L652
engine,select.focusArea,select,implemented,allowed,allowed,unexposed,,source_reviewed,typed_contract_not_implemented,"{""range"":0..1=0.5,""noise"":0..1=0,""sampleAllLayers"":bool=true,""mode"":""replace|add|subtract|intersect""=""replace""}",https://github.com/storytold/photocraft/blob/ad863217386440ca968fccc9bfff65ba24e61142/crates/engine/src/smartselect_cmds.rs#L127 | https://github.com/storytold/photocraft/blob/ad863217386440ca968fccc9bfff65ba24e61142/crates/engine/src/smartselect_cmds.rs#L258
engine,select.grow,select,implemented,allowed,allowed,unexposed,,source_reviewed,typed_contract_not_implemented,"{""tolerance"":0..255=32,""sampleAllLayers"":bool=false}",https://github.com/storytold/photocraft/blob/ad863217386440ca968fccc9bfff65ba24e61142/crates/engine/src/selection_cmds.rs#L249 | https://github.com/storytold/photocraft/blob/ad863217386440ca968fccc9bfff65ba24e61142/crates/engine/src/selection_cmds.rs#L338
engine,select.inverse,select,implemented,allowed,allowed,partial,selection_invert,source_reviewed,reviewed_bounded_typed_subset,{},https://github.com/storytold/photocraft/blob/ad863217386440ca968fccc9bfff65ba24e61142/crates/engine/src/commands.rs#L313
engine,select.isolateLayers,select,implemented,allowed,allowed,unexposed,,source_reviewed,typed_contract_not_implemented,"{""on"":bool? (default: toggle)} — Layers panel lists only the selected layers → {isolated, layers}",https://github.com/storytold/photocraft/blob/ad863217386440ca968fccc9bfff65ba24e61142/crates/engine/src/select_extra_cmds.rs#L78 | https://github.com/storytold/photocraft/blob/ad863217386440ca968fccc9bfff65ba24e61142/crates/engine/src/select_extra_cmds.rs#L225
engine,select.lasso,select,implemented,allowed,allowed,unexposed,,source_reviewed,typed_contract_not_implemented,"{""points"":[[x,y],…],""mode"":""replace|add|subtract|intersect""=""replace"",""antiAlias"":bool=true,""feather"":px=0}",https://github.com/storytold/photocraft/blob/ad863217386440ca968fccc9bfff65ba24e61142/crates/engine/src/selection_cmds.rs#L290 | https://github.com/storytold/photocraft/blob/ad863217386440ca968fccc9bfff65ba24e61142/crates/engine/src/selection_cmds.rs#L343
engine,select.loadSelection,select,implemented,allowed,allowed,partial,selection_from_mask,source_reviewed,reviewed_bounded_typed_subset,"{""channel"":index|name|""composite""|""red|green|blue|…""|""transparency""|""mask""|""quickMask""|""selection"",""layer"":id?,""document"":index?,""invert"":bool=false,""operation"":""new|add|subtract|intersect""=""new""}",https://github.com/storytold/photocraft/blob/ad863217386440ca968fccc9bfff65ba24e61142/crates/engine/src/channel_cmds.rs#L680 | https://github.com/storytold/photocraft/blob/ad863217386440ca968fccc9bfff65ba24e61142/crates/engine/src/channel_cmds.rs#L1447
engine,select.magicWand,select,implemented,allowed,allowed,unexposed,,source_reviewed,typed_contract_not_implemented,"{""x"":px,""y"":px,""tolerance"":0..255=32,""contiguous"":bool=true,""antiAlias"":bool=true,""sampleAllLayers"":bool=false,""mode"":""replace|add|subtract|intersect""=""replace""}",https://github.com/storytold/photocraft/blob/ad863217386440ca968fccc9bfff65ba24e61142/crates/engine/src/selection_cmds.rs#L72 | https://github.com/storytold/photocraft/blob/ad863217386440ca968fccc9bfff65ba24e61142/crates/engine/src/selection_cmds.rs#L318
engine,select.modify.border,select,implemented,allowed,allowed,unexposed,,source_reviewed,typed_contract_not_implemented,"{""radius"":1..200=1}",https://github.com/storytold/photocraft/blob/ad863217386440ca968fccc9bfff65ba24e61142/crates/engine/src/selection_cmds.rs#L226 | https://github.com/storytold/photocraft/blob/ad863217386440ca968fccc9bfff65ba24e61142/crates/engine/src/selection_cmds.rs#L333
engine,select.modify.contract,select,implemented,allowed,allowed,unexposed,,source_reviewed,typed_contract_not_implemented,"{""radius"":1..500=1}",https://github.com/storytold/photocraft/blob/ad863217386440ca968fccc9bfff65ba24e61142/crates/engine/src/selection_cmds.rs#L226 | https://github.com/storytold/photocraft/blob/ad863217386440ca968fccc9bfff65ba24e61142/crates/engine/src/selection_cmds.rs#L336
engine,select.modify.expand,select,implemented,allowed,allowed,unexposed,,source_reviewed,typed_contract_not_implemented,"{""radius"":1..500=1}",https://github.com/storytold/photocraft/blob/ad863217386440ca968fccc9bfff65ba24e61142/crates/engine/src/selection_cmds.rs#L226 | https://github.com/storytold/photocraft/blob/ad863217386440ca968fccc9bfff65ba24e61142/crates/engine/src/selection_cmds.rs#L335
engine,select.modify.feather,select,implemented,allowed,allowed,unexposed,,source_reviewed,typed_contract_not_implemented,"{""radius"":0.1..1000=1}",https://github.com/storytold/photocraft/blob/ad863217386440ca968fccc9bfff65ba24e61142/crates/engine/src/selection_cmds.rs#L226 | https://github.com/storytold/photocraft/blob/ad863217386440ca968fccc9bfff65ba24e61142/crates/engine/src/selection_cmds.rs#L337
engine,select.modify.smooth,select,implemented,allowed,allowed,unexposed,,source_reviewed,typed_contract_not_implemented,"{""radius"":1..500=1}",https://github.com/storytold/photocraft/blob/ad863217386440ca968fccc9bfff65ba24e61142/crates/engine/src/selection_cmds.rs#L226 | https://github.com/storytold/photocraft/blob/ad863217386440ca968fccc9bfff65ba24e61142/crates/engine/src/selection_cmds.rs#L334
engine,select.object,select,implemented,allowed,allowed,unexposed,,source_reviewed,typed_contract_not_implemented,"{""rect"":[x,y,w,h],""mode"":""replace|add|subtract|intersect""=""replace"",""sampleAllLayers"":bool=false}",https://github.com/storytold/photocraft/blob/ad863217386440ca968fccc9bfff65ba24e61142/crates/engine/src/smartselect_cmds.rs#L116 | https://github.com/storytold/photocraft/blob/ad863217386440ca968fccc9bfff65ba24e61142/crates/engine/src/smartselect_cmds.rs#L234
engine,select.quick,select,implemented,allowed,allowed,unexposed,,source_reviewed,typed_contract_not_implemented,"{""points"":[[x,y],…],""size"":px=30,""mode"":""add|subtract|replace""=""add"",""sampleAllLayers"":bool=false,""enhanceEdge"":bool=false}",https://github.com/storytold/photocraft/blob/ad863217386440ca968fccc9bfff65ba24e61142/crates/engine/src/smartselect_cmds.rs#L84 | https://github.com/storytold/photocraft/blob/ad863217386440ca968fccc9bfff65ba24e61142/crates/engine/src/smartselect_cmds.rs#L226
engine,select.rect,select,implemented,allowed,allowed,partial,selection_rect,source_reviewed,reviewed_bounded_typed_subset,"{""x"":i32,""y"":i32,""width"":u32,""height"":u32,""mode"":""replace|add|subtract|intersect""=""replace"",""ellipse"":bool=false,""antiAlias"":bool=true,""feather"":px=0}",https://github.com/storytold/photocraft/blob/ad863217386440ca968fccc9bfff65ba24e61142/crates/engine/src/commands.rs#L327
engine,select.refineEdge,select,implemented,allowed,allowed,unexposed,,source_reviewed,typed_contract_not_implemented,"{""radius"":px=0,""smartRadius"":bool=false,""smooth"":0..100=0,""feather"":px=0,""contrast"":0..100=0,""shiftEdge"":-100..100=0,""decontaminate"":bool=false,""amount"":0..100=100,""output"":""selection|layerMask|newLayer|newLayerWithMask""=""selection"",""sampleAllLayers"":bool=false}",https://github.com/storytold/photocraft/blob/ad863217386440ca968fccc9bfff65ba24e61142/crates/engine/src/smartselect_cmds.rs#L148 | https://github.com/storytold/photocraft/blob/ad863217386440ca968fccc9bfff65ba24e61142/crates/engine/src/smartselect_cmds.rs#L250
engine,select.reselect,select,implemented,allowed,allowed,unexposed,,source_reviewed,typed_contract_not_implemented,{},https://github.com/storytold/photocraft/blob/ad863217386440ca968fccc9bfff65ba24e61142/crates/engine/src/extra_cmds.rs#L572
engine,select.saveSelection,select,implemented,allowed,allowed,unexposed,,source_reviewed,typed_contract_not_implemented,"{""name"":str?,""channel"":""new""|index|name=""new"",""document"":index?,""operation"":""new|replace|add|subtract|intersect""=""new""}",https://github.com/storytold/photocraft/blob/ad863217386440ca968fccc9bfff65ba24e61142/crates/engine/src/channel_cmds.rs#L623 | https://github.com/storytold/photocraft/blob/ad863217386440ca968fccc9bfff65ba24e61142/crates/engine/src/channel_cmds.rs#L1438
engine,select.similar,select,implemented,allowed,allowed,unexposed,,source_reviewed,typed_contract_not_implemented,"{""tolerance"":0..255=32,""sampleAllLayers"":bool=false}",https://github.com/storytold/photocraft/blob/ad863217386440ca968fccc9bfff65ba24e61142/crates/engine/src/selection_cmds.rs#L249 | https://github.com/storytold/photocraft/blob/ad863217386440ca968fccc9bfff65ba24e61142/crates/engine/src/selection_cmds.rs#L339
engine,select.sky,select,implemented,allowed,allowed,unexposed,,source_reviewed,typed_contract_not_implemented,"{""mode"":""replace|add|subtract|intersect""=""replace"",""sampleAllLayers"":bool=true,""threshold"":0..100=50 (higher = stricter),""softness"":0..100=50 (edge softness)} → {selected, changed, coverage (0–1 of the canvas), bounds [x,y,w,h]}",https://github.com/storytold/photocraft/blob/ad863217386440ca968fccc9bfff65ba24e61142/crates/engine/src/select_extra_cmds.rs#L49 | https://github.com/storytold/photocraft/blob/ad863217386440ca968fccc9bfff65ba24e61142/crates/engine/src/select_extra_cmds.rs#L215
engine,select.subject,select,implemented,allowed,allowed,unexposed,,source_reviewed,typed_contract_not_implemented,"{""sampleAllLayers"":bool=true,""mode"":""replace|add|subtract|intersect""=""replace""}",https://github.com/storytold/photocraft/blob/ad863217386440ca968fccc9bfff65ba24e61142/crates/engine/src/smartselect_cmds.rs#L122 | https://github.com/storytold/photocraft/blob/ad863217386440ca968fccc9bfff65ba24e61142/crates/engine/src/smartselect_cmds.rs#L242
engine,select.toWorkPath,select,implemented,allowed,allowed,unexposed,,source_reviewed,typed_contract_not_implemented,"{""tolerance"":0.5..10 px=2} → {subpaths,knots}",https://github.com/storytold/photocraft/blob/ad863217386440ca968fccc9bfff65ba24e61142/crates/engine/src/vector_cmds.rs#L759 | https://github.com/storytold/photocraft/blob/ad863217386440ca968fccc9bfff65ba24e61142/crates/engine/src/vector_cmds.rs#L1151
engine,select.transformSelection,select,implemented,allowed,allowed,unexposed,,source_reviewed,typed_contract_not_implemented,"{""rect"":[x0,y0,x1,y1]? (frame; default = selection bounds),""quad""|""corners"":[[x,y]×4]? (where the frame's corners go: distort/perspective),""matrix"":[a,b,c,d,e,f]?,""scaleX"":%=100,""scaleY"":%=100,""rotate"":deg=0,""skewX"":deg=0,""skewY"":deg=0,""dx"":px=0,""dy"":px=0,""reference"":""center|topLeft|top|topRight|left|right|bottomLeft|bottom|bottomRight""|[x,y]=""center"",""style""|""mesh""|""grid""|""warp"":… (warp, as edit.transform.warp),""interpolation"":""bilinear|bicubic|nearest""=""bilinear""}",https://github.com/storytold/photocraft/blob/ad863217386440ca968fccc9bfff65ba24e61142/crates/engine/src/select_extra_cmds.rs#L151 | https://github.com/storytold/photocraft/blob/ad863217386440ca968fccc9bfff65ba24e61142/crates/engine/src/select_extra_cmds.rs#L235
engine,session.inspect,session,implemented,allowed,allowed,unexposed,,source_reviewed,typed_contract_not_implemented,{},https://github.com/storytold/photocraft/blob/ad863217386440ca968fccc9bfff65ba24e61142/crates/engine/src/commands.rs#L759
engine,shape.create,shape,implemented,allowed,allowed,unexposed,,source_reviewed,typed_contract_not_implemented,"{""kind"":""rect|roundedRect|ellipse|polygon|star|line|path""=""rect"",""rect"":[x,y,w,h] (rect/roundedRect/ellipse/polygon/star),""radii"":[tl,tr,br,bl]|r (roundedRect=10),""sides"":3..100=5,""starRatio"":0..1 (star=0.5),""from"":[x,y],""to"":[x,y],""weight"":px=1 (line),""path"":{…} (kind path),""fill"":""#rrggbb""|[r,g,b,a]|{""gradient"":{""stops"":[[t,""#hex""]],""angle"":deg,""scale"":%,""style"":""linear|radial|angle|reflected|diamond"",""reverse"":bool}}|{""pattern"":name}|null (no fill)=foreground,""stroke"":{""width"":px,""color"":""#rrggbb""|fill,""opacity"":0..100,""align"":""inside|center|outside"",""cap"":""butt|round|square"",""join"":""miter|round|bevel"",""miterLimit"":n,""dashes"":[multiples of width],""dashOffset"":n}|null=none,""name"":str?,""addTo"":layerId? + ""op"":""combine|subtract|intersect|exclude"" (append to an existing shape layer)} → shape.info. path: {""subpaths"":[{""closed"":bool=true,""op"":""combine|subtract|intersect|exclude"",""knots"":[[x,y] | {""anchor"":[x,y],""in"":[x,y],""out"":[x,y],""smooth"":bool}]}],""fillRule"":""nonzero|evenodd"",""inverted"":bool}",https://github.com/storytold/photocraft/blob/ad863217386440ca968fccc9bfff65ba24e61142/crates/engine/src/vector_cmds.rs#L1074
engine,shape.edit,shape,implemented,allowed,allowed,unexposed,,source_reviewed,typed_contract_not_implemented,"{""layer"":id?,""path"":{…}? (replaces; drops live shape),""kind"":str?,""rect"":[x,y,w,h]?,""radii"":[tl,tr,br,bl]|r?,""sides"":n?,""starRatio"":r?,""from"":[x,y]?,""to"":[x,y]?,""weight"":px? (live-shape params regenerate the path),""move"":[dx,dy]?,""transform"":[a,b,c,d,e,f]?,""op"":""combine|…""? + ""subpath"":index? (default all but the first),""fillRule"":""nonzero|evenodd""?,""fill"":""#rrggbb""|[r,g,b,a]|{""gradient"":{""stops"":[[t,""#hex""]],""angle"":deg,""scale"":%,""style"":""linear|radial|angle|reflected|diamond"",""reverse"":bool}}|{""pattern"":name}|null (no fill)?,""stroke"":{""width"":px,""color"":""#rrggbb""|fill,""opacity"":0..100,""align"":""inside|center|outside"",""cap"":""butt|round|square"",""join"":""miter|round|bevel"",""miterLimit"":n,""dashes"":[multiples of width],""dashOffset"":n}|null? (merged into the current stroke),""name"":str?} → shape.info",https://github.com/storytold/photocraft/blob/ad863217386440ca968fccc9bfff65ba24e61142/crates/engine/src/vector_cmds.rs#L1084
engine,shape.info,shape,implemented,allowed,allowed,unexposed,,source_reviewed,typed_contract_not_implemented,"{""layer"":id?} → {layer,name,kind,path,fill,stroke,live,bounds:[x,y,w,h]}",https://github.com/storytold/photocraft/blob/ad863217386440ca968fccc9bfff65ba24e61142/crates/engine/src/vector_cmds.rs#L1094
engine,shape.presets.edit,shape,implemented,allowed,allowed,unexposed,,source_reviewed,typed_contract_not_implemented,"{""action"":""rename|delete|move|newGroup|renameGroup|deleteGroup"",""preset"":name|[names] (rename/delete/move),""group"":name? (narrows the lookup; the group for renameGroup/deleteGroup),""name"":str (rename: new name; newGroup/renameGroup: group name),""to"":group (move),""index"":n? (move)}",https://github.com/storytold/photocraft/blob/ad863217386440ca968fccc9bfff65ba24e61142/crates/engine/src/presets/shapes.rs#L462 | https://github.com/storytold/photocraft/blob/ad863217386440ca968fccc9bfff65ba24e61142/crates/engine/src/presets/shapes.rs#L387 | https://github.com/storytold/photocraft/blob/ad863217386440ca968fccc9bfff65ba24e61142/crates/automation/src/workspace.rs#L131
engine,shape.presets.list,shape,implemented,allowed,allowed,unexposed,,source_reviewed,typed_contract_not_implemented,"{} → {groups:[{name,shapes:[{name,subpaths}]}]}",https://github.com/storytold/photocraft/blob/ad863217386440ca968fccc9bfff65ba24e61142/crates/engine/src/presets/shapes.rs#L432 | https://github.com/storytold/photocraft/blob/ad863217386440ca968fccc9bfff65ba24e61142/crates/engine/src/presets/shapes.rs#L317 | https://github.com/storytold/photocraft/blob/ad863217386440ca968fccc9bfff65ba24e61142/crates/automation/src/workspace.rs#L131
engine,shape.presets.new,shape,implemented,allowed,allowed,unexposed,,source_reviewed,typed_contract_not_implemented,"{""name"":str=""Shape"",""group"":name?,""path"":{…path}|""M x y L …"" (preset path language)|""work""|saved path name? (default: work path, active shape layer or vector mask)}",https://github.com/storytold/photocraft/blob/ad863217386440ca968fccc9bfff65ba24e61142/crates/engine/src/presets/shapes.rs#L452 | https://github.com/storytold/photocraft/blob/ad863217386440ca968fccc9bfff65ba24e61142/crates/engine/src/presets/shapes.rs#L363 | https://github.com/storytold/photocraft/blob/ad863217386440ca968fccc9bfff65ba24e61142/crates/automation/src/workspace.rs#L131
engine,shape.presets.place,shape,implemented,allowed,allowed,unexposed,,source_reviewed,typed_contract_not_implemented,"{""preset"":name,""group"":name?,""rect"":[x,y,w,h]? (default: centred, half the canvas),""keepAspect"":bool=true,""fill"":…?=foreground,""stroke"":…?,""name"":str?,""addTo"":layerId?,""op"":""combine|subtract|intersect|exclude""?} → shape.info (Custom Shape tool / Shapes panel; fill and stroke as in shape.create)",https://github.com/storytold/photocraft/blob/ad863217386440ca968fccc9bfff65ba24e61142/crates/engine/src/presets/shapes.rs#L442 | https://github.com/storytold/photocraft/blob/ad863217386440ca968fccc9bfff65ba24e61142/crates/engine/src/presets/shapes.rs#L328 | https://github.com/storytold/photocraft/blob/ad863217386440ca968fccc9bfff65ba24e61142/crates/automation/src/workspace.rs#L131
engine,shape.presets.reset,shape,implemented,allowed,allowed,unexposed,,source_reviewed,typed_contract_not_implemented,"{""append"":bool=false}",https://github.com/storytold/photocraft/blob/ad863217386440ca968fccc9bfff65ba24e61142/crates/engine/src/presets/shapes.rs#L472 | https://github.com/storytold/photocraft/blob/ad863217386440ca968fccc9bfff65ba24e61142/crates/engine/src/presets/shapes.rs#L415 | https://github.com/storytold/photocraft/blob/ad863217386440ca968fccc9bfff65ba24e61142/crates/automation/src/workspace.rs#L131
engine,shape.rasterize,shape,implemented,allowed,allowed,unexposed,,source_reviewed,typed_contract_not_implemented,"{""layer"":id?}",https://github.com/storytold/photocraft/blob/ad863217386440ca968fccc9bfff65ba24e61142/crates/engine/src/vector_cmds.rs#L1106
engine,slice.delete,slice,implemented,allowed,allowed,unexposed,,source_reviewed,typed_contract_not_implemented,"{""slice"":id | ""number"":n | ""slices"":[id…]} → {deleted}",https://github.com/storytold/photocraft/blob/ad863217386440ca968fccc9bfff65ba24e61142/crates/engine/src/slice_cmds.rs#L471
engine,slice.divide,slice,implemented,allowed,allowed,unexposed,,source_reviewed,typed_contract_not_implemented,"{""slice"":id | ""number"":n,""horizontal"":n=1 (slices down),""vertical"":n=1 (slices across)} → {slices}",https://github.com/storytold/photocraft/blob/ad863217386440ca968fccc9bfff65ba24e61142/crates/engine/src/slice_cmds.rs#L473
engine,slice.fromGuides,slice,implemented,allowed,allowed,unexposed,,source_reviewed,typed_contract_not_implemented,{} (replaces every slice by the grid of the canvas guides) → {slices},https://github.com/storytold/photocraft/blob/ad863217386440ca968fccc9bfff65ba24e61142/crates/engine/src/slice_cmds.rs#L459
engine,slice.list,slice,implemented,allowed,allowed,unexposed,,source_reviewed,typed_contract_not_implemented,"{} → {slices:[{number,id,origin:auto|layer|user,name,rect:[x,y,w,h],kind,layer,url,alt,…}], locked}",https://github.com/storytold/photocraft/blob/ad863217386440ca968fccc9bfff65ba24e61142/crates/engine/src/slice_cmds.rs#L481
engine,slice.new,slice,implemented,allowed,allowed,unexposed,,source_reviewed,typed_contract_not_implemented,"{""rect"":[x,y,w,h] | ""x"",""y"",""width"",""height"", plus Slice Options (""name"",""kind"":""image|noImage|table"",""url"",""target"",""message"",""alt"",""cellText"",""cellTextIsHtml"",""background"":""none|#rrggbb"")?} → {slice, number}",https://github.com/storytold/photocraft/blob/ad863217386440ca968fccc9bfff65ba24e61142/crates/engine/src/slice_cmds.rs#L452
engine,slice.promote,slice,implemented,allowed,allowed,unexposed,,source_reviewed,typed_contract_not_implemented,"{""slice"":id | ""number"":n} (auto or layer-based → user slice) → {slice}",https://github.com/storytold/photocraft/blob/ad863217386440ca968fccc9bfff65ba24e61142/crates/engine/src/slice_cmds.rs#L470
engine,slice.set,slice,implemented,allowed,allowed,unexposed,,source_reviewed,typed_contract_not_implemented,"{""slice"":id | ""number"":n (an auto slice is promoted), ""name""?,""kind"":""image|noImage|table""?,""url""?,""target""?,""message""?,""alt""?,""cellText""?,""cellTextIsHtml""?,""horizontalAlign"":0..4?,""verticalAlign"":0..4?,""background"":""none|#rrggbb""?,""outsets"":[t,l,b,r]? (layer slices),""rect"":[x,y,w,h]? (move/resize; a layer slice becomes a user slice)} → the slice",https://github.com/storytold/photocraft/blob/ad863217386440ca968fccc9bfff65ba24e61142/crates/engine/src/slice_cmds.rs#L463
engine,style.presets.apply,style,implemented,allowed,allowed,unexposed,,source_reviewed,typed_contract_not_implemented,"{""preset"":name,""group"":name?,""layers"":[ids]?|""layer"":id? (default: the selected layers),""add"":bool=false (⇧-click: add to the existing effects)} → {layers,style}",https://github.com/storytold/photocraft/blob/ad863217386440ca968fccc9bfff65ba24e61142/crates/engine/src/presets/styles.rs#L323 | https://github.com/storytold/photocraft/blob/ad863217386440ca968fccc9bfff65ba24e61142/crates/engine/src/presets/styles.rs#L169 | https://github.com/storytold/photocraft/blob/ad863217386440ca968fccc9bfff65ba24e61142/crates/automation/src/workspace.rs#L131
engine,style.presets.edit,style,implemented,allowed,allowed,unexposed,,source_reviewed,typed_contract_not_implemented,"{""action"":""rename|delete|move|newGroup|renameGroup|deleteGroup"",""preset"":name|[names] (rename/delete/move),""group"":name? (narrows the lookup; the group for renameGroup/deleteGroup),""name"":str (rename: new name; newGroup/renameGroup: group name),""to"":group (move),""index"":n? (move)}",https://github.com/storytold/photocraft/blob/ad863217386440ca968fccc9bfff65ba24e61142/crates/engine/src/presets/styles.rs#L343 | https://github.com/storytold/photocraft/blob/ad863217386440ca968fccc9bfff65ba24e61142/crates/engine/src/presets/styles.rs#L245 | https://github.com/storytold/photocraft/blob/ad863217386440ca968fccc9bfff65ba24e61142/crates/automation/src/workspace.rs#L131
engine,style.presets.list,style,implemented,allowed,allowed,unexposed,,source_reviewed,typed_contract_not_implemented,"{} → {groups:[{name,presets:[{name,effects,blend,fillOpacity}]}]}",https://github.com/storytold/photocraft/blob/ad863217386440ca968fccc9bfff65ba24e61142/crates/engine/src/presets/styles.rs#L313 | https://github.com/storytold/photocraft/blob/ad863217386440ca968fccc9bfff65ba24e61142/crates/engine/src/presets/styles.rs#L152 | https://github.com/storytold/photocraft/blob/ad863217386440ca968fccc9bfff65ba24e61142/crates/automation/src/workspace.rs#L131
engine,style.presets.new,style,implemented,allowed,allowed,unexposed,,source_reviewed,typed_contract_not_implemented,"{""name"":str=""Style"",""group"":name?,""layer"":id?,""includeEffects"":bool=true,""includeBlending"":bool=true} (from the layer's effects)",https://github.com/storytold/photocraft/blob/ad863217386440ca968fccc9bfff65ba24e61142/crates/engine/src/presets/styles.rs#L333 | https://github.com/storytold/photocraft/blob/ad863217386440ca968fccc9bfff65ba24e61142/crates/engine/src/presets/styles.rs#L222 | https://github.com/storytold/photocraft/blob/ad863217386440ca968fccc9bfff65ba24e61142/crates/automation/src/workspace.rs#L131
engine,style.presets.reset,style,implemented,allowed,allowed,unexposed,,source_reviewed,typed_contract_not_implemented,"{""append"":bool=false}",https://github.com/storytold/photocraft/blob/ad863217386440ca968fccc9bfff65ba24e61142/crates/engine/src/presets/styles.rs#L353 | https://github.com/storytold/photocraft/blob/ad863217386440ca968fccc9bfff65ba24e61142/crates/engine/src/presets/styles.rs#L252 | https://github.com/storytold/photocraft/blob/ad863217386440ca968fccc9bfff65ba24e61142/crates/automation/src/workspace.rs#L131
engine,timeline.create,timeline,implemented,allowed,allowed,unexposed,,source_reviewed,typed_contract_not_implemented,"{duration?:30, fps?:30} → {timeline}",https://github.com/storytold/photocraft/blob/ad863217386440ca968fccc9bfff65ba24e61142/crates/engine/src/timeline_cmds.rs#L104
engine,timeline.delete,timeline,implemented,allowed,allowed,unexposed,,source_reviewed,typed_contract_not_implemented,{} → {timeline:null},https://github.com/storytold/photocraft/blob/ad863217386440ca968fccc9bfff65ba24e61142/crates/engine/src/timeline_cmds.rs#L105
engine,timeline.info,timeline,implemented,allowed,allowed,unexposed,,source_reviewed,typed_contract_not_implemented,{} → {timeline},https://github.com/storytold/photocraft/blob/ad863217386440ca968fccc9bfff65ba24e61142/crates/engine/src/timeline_cmds.rs#L110
engine,timeline.nextFrame,timeline,implemented,allowed,allowed,unexposed,,source_reviewed,typed_contract_not_implemented,{} → {timeline},https://github.com/storytold/photocraft/blob/ad863217386440ca968fccc9bfff65ba24e61142/crates/engine/src/timeline_cmds.rs#L107
engine,timeline.previousFrame,timeline,implemented,allowed,allowed,unexposed,,source_reviewed,typed_contract_not_implemented,{} → {timeline},https://github.com/storytold/photocraft/blob/ad863217386440ca968fccc9bfff65ba24e61142/crates/engine/src/timeline_cmds.rs#L108
engine,timeline.setFrame,timeline,implemented,allowed,allowed,unexposed,,source_reviewed,typed_contract_not_implemented,{frame} → {timeline},https://github.com/storytold/photocraft/blob/ad863217386440ca968fccc9bfff65ba24e61142/crates/engine/src/timeline_cmds.rs#L106
engine,timeline.setProps,timeline,implemented,allowed,allowed,unexposed,,source_reviewed,typed_contract_not_implemented,"{fps?, duration?, workStart?, workEnd?} → {timeline}",https://github.com/storytold/photocraft/blob/ad863217386440ca968fccc9bfff65ba24e61142/crates/engine/src/timeline_cmds.rs#L109
engine,tool.presets.edit,tool,implemented,allowed,allowed,unexposed,,source_reviewed,typed_contract_not_implemented,"{""action"":""rename|delete"",""preset"":name|[names],""name"":str (rename)}",https://github.com/storytold/photocraft/blob/ad863217386440ca968fccc9bfff65ba24e61142/crates/engine/src/presets/tools.rs#L173 | https://github.com/storytold/photocraft/blob/ad863217386440ca968fccc9bfff65ba24e61142/crates/engine/src/presets/tools.rs#L120 | https://github.com/storytold/photocraft/blob/ad863217386440ca968fccc9bfff65ba24e61142/crates/automation/src/workspace.rs#L131
engine,tool.presets.list,tool,implemented,allowed,allowed,unexposed,,source_reviewed,typed_contract_not_implemented,"{""tool"":name? (Current Tool Only)} → {presets:[{name,tool}]}",https://github.com/storytold/photocraft/blob/ad863217386440ca968fccc9bfff65ba24e61142/crates/engine/src/presets/tools.rs#L143 | https://github.com/storytold/photocraft/blob/ad863217386440ca968fccc9bfff65ba24e61142/crates/engine/src/presets/tools.rs#L49 | https://github.com/storytold/photocraft/blob/ad863217386440ca968fccc9bfff65ba24e61142/crates/automation/src/workspace.rs#L131
engine,tool.presets.new,tool,implemented,allowed,allowed,unexposed,,source_reviewed,typed_contract_not_implemented,"{""name"":str?=tool,""tool"":name,""options"":{…}? (opaque; ""brush"" defaults to the current brush for painting tools),""includeColor"":bool=false}",https://github.com/storytold/photocraft/blob/ad863217386440ca968fccc9bfff65ba24e61142/crates/engine/src/presets/tools.rs#L153 | https://github.com/storytold/photocraft/blob/ad863217386440ca968fccc9bfff65ba24e61142/crates/engine/src/presets/tools.rs#L61 | https://github.com/storytold/photocraft/blob/ad863217386440ca968fccc9bfff65ba24e61142/crates/automation/src/workspace.rs#L131
engine,tool.presets.reset,tool,implemented,allowed,allowed,unexposed,,source_reviewed,typed_contract_not_implemented,{},https://github.com/storytold/photocraft/blob/ad863217386440ca968fccc9bfff65ba24e61142/crates/engine/src/presets/tools.rs#L183 | https://github.com/storytold/photocraft/blob/ad863217386440ca968fccc9bfff65ba24e61142/crates/engine/src/presets/tools.rs#L134 | https://github.com/storytold/photocraft/blob/ad863217386440ca968fccc9bfff65ba24e61142/crates/automation/src/workspace.rs#L131
engine,tool.presets.select,tool,implemented,allowed,allowed,unexposed,,source_reviewed,typed_contract_not_implemented,"{""preset"":name} → {name,tool,options} (applies ""brush"" and ""foreground""; the shell switches tool and options)",https://github.com/storytold/photocraft/blob/ad863217386440ca968fccc9bfff65ba24e61142/crates/engine/src/presets/tools.rs#L163 | https://github.com/storytold/photocraft/blob/ad863217386440ca968fccc9bfff65ba24e61142/crates/engine/src/presets/tools.rs#L100 | https://github.com/storytold/photocraft/blob/ad863217386440ca968fccc9bfff65ba24e61142/crates/automation/src/workspace.rs#L131
engine,tools.defaultColors,tools,implemented,allowed,allowed,unexposed,,source_reviewed,typed_contract_not_implemented,{},https://github.com/storytold/photocraft/blob/ad863217386440ca968fccc9bfff65ba24e61142/crates/engine/src/commands.rs#L752
engine,tools.setBrush,tools,implemented,allowed,allowed,unexposed,,source_reviewed,typed_contract_not_implemented,"{""preset"":name?,""reset"":bool?,…BrushSettings fields (camelCase, deep-merged)}",https://github.com/storytold/photocraft/blob/ad863217386440ca968fccc9bfff65ba24e61142/crates/engine/src/brush_cmds.rs#L556 | https://github.com/storytold/photocraft/blob/ad863217386440ca968fccc9bfff65ba24e61142/crates/engine/src/brush_cmds.rs#L494 | https://github.com/storytold/photocraft/blob/ad863217386440ca968fccc9bfff65ba24e61142/crates/automation/src/workspace.rs#L131
engine,tools.setColors,tools,implemented,allowed,allowed,unexposed,,source_reviewed,typed_contract_not_implemented,"{""foreground"":""#rrggbb""?,""background"":""#rrggbb""?}",https://github.com/storytold/photocraft/blob/ad863217386440ca968fccc9bfff65ba24e61142/crates/engine/src/commands.rs#L743
engine,tools.swapColors,tools,implemented,allowed,allowed,unexposed,,source_reviewed,typed_contract_not_implemented,{},https://github.com/storytold/photocraft/blob/ad863217386440ca968fccc9bfff65ba24e61142/crates/engine/src/commands.rs#L748
engine,type.antiAlias.crisp,type,implemented,allowed,allowed,unexposed,,source_reviewed,typed_contract_not_implemented,"{""layer"":id?}",https://github.com/storytold/photocraft/blob/ad863217386440ca968fccc9bfff65ba24e61142/crates/engine/src/type_extra_cmds.rs#L118 | https://github.com/storytold/photocraft/blob/ad863217386440ca968fccc9bfff65ba24e61142/crates/engine/src/type_extra_cmds.rs#L498
engine,type.antiAlias.none,type,implemented,allowed,allowed,unexposed,,source_reviewed,typed_contract_not_implemented,"{""layer"":id?}",https://github.com/storytold/photocraft/blob/ad863217386440ca968fccc9bfff65ba24e61142/crates/engine/src/type_extra_cmds.rs#L118 | https://github.com/storytold/photocraft/blob/ad863217386440ca968fccc9bfff65ba24e61142/crates/engine/src/type_extra_cmds.rs#L496
engine,type.antiAlias.sharp,type,implemented,allowed,allowed,unexposed,,source_reviewed,typed_contract_not_implemented,"{""layer"":id?}",https://github.com/storytold/photocraft/blob/ad863217386440ca968fccc9bfff65ba24e61142/crates/engine/src/type_extra_cmds.rs#L118 | https://github.com/storytold/photocraft/blob/ad863217386440ca968fccc9bfff65ba24e61142/crates/engine/src/type_extra_cmds.rs#L497
engine,type.antiAlias.smooth,type,implemented,allowed,allowed,unexposed,,source_reviewed,typed_contract_not_implemented,"{""layer"":id?}",https://github.com/storytold/photocraft/blob/ad863217386440ca968fccc9bfff65ba24e61142/crates/engine/src/type_extra_cmds.rs#L118 | https://github.com/storytold/photocraft/blob/ad863217386440ca968fccc9bfff65ba24e61142/crates/engine/src/type_extra_cmds.rs#L500
engine,type.antiAlias.strong,type,implemented,allowed,allowed,unexposed,,source_reviewed,typed_contract_not_implemented,"{""layer"":id?}",https://github.com/storytold/photocraft/blob/ad863217386440ca968fccc9bfff65ba24e61142/crates/engine/src/type_extra_cmds.rs#L118 | https://github.com/storytold/photocraft/blob/ad863217386440ca968fccc9bfff65ba24e61142/crates/engine/src/type_extra_cmds.rs#L499
engine,type.antiAlias.windows,type,implemented,allowed,allowed,unexposed,,source_reviewed,typed_contract_not_implemented,"{""layer"":id?}",https://github.com/storytold/photocraft/blob/ad863217386440ca968fccc9bfff65ba24e61142/crates/engine/src/type_extra_cmds.rs#L118 | https://github.com/storytold/photocraft/blob/ad863217386440ca968fccc9bfff65ba24e61142/crates/engine/src/type_extra_cmds.rs#L502
engine,type.antiAlias.windowsLcd,type,implemented,allowed,allowed,unexposed,,source_reviewed,typed_contract_not_implemented,"{""layer"":id?}",https://github.com/storytold/photocraft/blob/ad863217386440ca968fccc9bfff65ba24e61142/crates/engine/src/type_extra_cmds.rs#L118 | https://github.com/storytold/photocraft/blob/ad863217386440ca968fccc9bfff65ba24e61142/crates/engine/src/type_extra_cmds.rs#L501
engine,type.characterStyle.apply,type,implemented,allowed,allowed,unexposed,,source_reviewed,typed_contract_not_implemented,"{""id"":u32|0|null (0/null: None / Basic Paragraph),""clearOverrides"":bool=false (Alt-click),""layer"":id? | ""layers"":[id]? (default: the selected type layers),""range"":[startChar,endChar]? (one layer; default all text)}",https://github.com/storytold/photocraft/blob/ad863217386440ca968fccc9bfff65ba24e61142/crates/engine/src/type_styles_cmds.rs#L605 | https://github.com/storytold/photocraft/blob/ad863217386440ca968fccc9bfff65ba24e61142/crates/engine/src/type_styles_cmds.rs#L606
engine,type.characterStyle.clearOverride,type,implemented,allowed,allowed,unexposed,,source_reviewed,typed_contract_not_implemented,"{""layer"":id? | ""layers"":[id]? (default: the selected type layers),""range"":[startChar,endChar]? (one layer; default all text)}",https://github.com/storytold/photocraft/blob/ad863217386440ca968fccc9bfff65ba24e61142/crates/engine/src/type_styles_cmds.rs#L624
engine,type.characterStyle.delete,type,implemented,allowed,allowed,unexposed,,source_reviewed,typed_contract_not_implemented,"{""id"":u32} (text keeps its formatting as overrides)",https://github.com/storytold/photocraft/blob/ad863217386440ca968fccc9bfff65ba24e61142/crates/engine/src/type_styles_cmds.rs#L499 | https://github.com/storytold/photocraft/blob/ad863217386440ca968fccc9bfff65ba24e61142/crates/engine/src/type_styles_cmds.rs#L500
engine,type.characterStyle.duplicate,type,implemented,allowed,allowed,unexposed,,source_reviewed,typed_contract_not_implemented,"{""id"":u32}",https://github.com/storytold/photocraft/blob/ad863217386440ca968fccc9bfff65ba24e61142/crates/engine/src/type_styles_cmds.rs#L476 | https://github.com/storytold/photocraft/blob/ad863217386440ca968fccc9bfff65ba24e61142/crates/engine/src/type_styles_cmds.rs#L477
engine,type.characterStyle.list,type,implemented,allowed,allowed,unexposed,,source_reviewed,typed_contract_not_implemented,"{""layer"":id? | ""layers"":[id]? (default: the selected type layers),""range"":[startChar,endChar]? (one layer; default all text)} → {""styles"":[{""id"",""name"",attributes,""resolved""}],""current"":{""character"":id|null (mixed),""characterOverride"":bool,""paragraph"":id|null,""paragraphOverride"":bool}}",https://github.com/storytold/photocraft/blob/ad863217386440ca968fccc9bfff65ba24e61142/crates/engine/src/type_styles_cmds.rs#L403
engine,type.characterStyle.new,type,implemented,allowed,allowed,unexposed,,source_reviewed,typed_contract_not_implemented,"{""name"":str?,""attrs"":{model fields as in type.info (""size_pt"":36,""font_family"":""Inter"",""align"":""Center"",…) or Character/Paragraph panel keys as in type.setStyle (""size"":36,""font"":""Inter"",""color"":""#rrggbb"",""align"":""center"",…)}?,""fromSelection"":bool=true (start from the targeted text's formatting),""apply"":bool=false,""layer"":id? | ""layers"":[id]? (default: the selected type layers),""range"":[startChar,endChar]? (one layer; default all text)} → {""id"",""name""}",https://github.com/storytold/photocraft/blob/ad863217386440ca968fccc9bfff65ba24e61142/crates/engine/src/type_styles_cmds.rs#L417 | https://github.com/storytold/photocraft/blob/ad863217386440ca968fccc9bfff65ba24e61142/crates/engine/src/type_styles_cmds.rs#L418
engine,type.characterStyle.redefine,type,implemented,allowed,allowed,unexposed,,source_reviewed,typed_contract_not_implemented,"{""id"":u32? (default: the targeted text's style),""layer"":id? | ""layers"":[id]? (default: the selected type layers),""range"":[startChar,endChar]? (one layer; default all text)} (the style takes the formatting of the start of the targeted text)",https://github.com/storytold/photocraft/blob/ad863217386440ca968fccc9bfff65ba24e61142/crates/engine/src/type_styles_cmds.rs#L632 | https://github.com/storytold/photocraft/blob/ad863217386440ca968fccc9bfff65ba24e61142/crates/engine/src/type_styles_cmds.rs#L633
engine,type.characterStyle.rename,type,implemented,allowed,allowed,unexposed,,source_reviewed,typed_contract_not_implemented,"{""id"":u32,""name"":str}",https://github.com/storytold/photocraft/blob/ad863217386440ca968fccc9bfff65ba24e61142/crates/engine/src/type_styles_cmds.rs#L541 | https://github.com/storytold/photocraft/blob/ad863217386440ca968fccc9bfff65ba24e61142/crates/engine/src/type_styles_cmds.rs#L542
engine,type.characterStyle.set,type,implemented,allowed,allowed,unexposed,,source_reviewed,typed_contract_not_implemented,"{""id"":u32 (paragraph: 0 = Basic Paragraph),""name"":str?,""attrs"":{model fields as in type.info (""size_pt"":36,""font_family"":""Inter"",""align"":""Center"",…) or Character/Paragraph panel keys as in type.setStyle (""size"":36,""font"":""Inter"",""color"":""#rrggbb"",""align"":""center"",…)},""replace"":bool=false (drop attributes not given),""clear"":[field]?} (text using the style updates, overrides kept)",https://github.com/storytold/photocraft/blob/ad863217386440ca968fccc9bfff65ba24e61142/crates/engine/src/type_styles_cmds.rs#L557 | https://github.com/storytold/photocraft/blob/ad863217386440ca968fccc9bfff65ba24e61142/crates/engine/src/type_styles_cmds.rs#L558
engine,type.convertToParagraphText,type,implemented,allowed,allowed,unexposed,,source_reviewed,typed_contract_not_implemented,"{""layer"":id?}",https://github.com/storytold/photocraft/blob/ad863217386440ca968fccc9bfff65ba24e61142/crates/engine/src/type_extra_cmds.rs#L137 | https://github.com/storytold/photocraft/blob/ad863217386440ca968fccc9bfff65ba24e61142/crates/engine/src/type_extra_cmds.rs#L525
engine,type.convertToPointText,type,implemented,allowed,allowed,unexposed,,source_reviewed,typed_contract_not_implemented,"{""layer"":id?}",https://github.com/storytold/photocraft/blob/ad863217386440ca968fccc9bfff65ba24e61142/crates/engine/src/type_extra_cmds.rs#L165 | https://github.com/storytold/photocraft/blob/ad863217386440ca968fccc9bfff65ba24e61142/crates/engine/src/type_extra_cmds.rs#L526
engine,type.convertToShape,type,implemented,allowed,allowed,unexposed,,source_reviewed,typed_contract_not_implemented,"{""layer"":id?}",https://github.com/storytold/photocraft/blob/ad863217386440ca968fccc9bfff65ba24e61142/crates/engine/src/type_extra_cmds.rs#L281 | https://github.com/storytold/photocraft/blob/ad863217386440ca968fccc9bfff65ba24e61142/crates/engine/src/type_extra_cmds.rs#L523
engine,type.create,type,implemented,allowed,allowed,partial,text_create,source_reviewed,reviewed_bounded_typed_subset,"{""x"":px,""y"":px (baseline anchor of point text),""text"":str,""box"":[x,y,w,h]? (paragraph text),""name"":str?,""align"":""left|center|right|justify…""?, …character keys: ""font"",""size"":pt=12,""color"",…}",https://github.com/storytold/photocraft/blob/ad863217386440ca968fccc9bfff65ba24e61142/crates/engine/src/type_cmds.rs#L435
engine,type.createWorkPath,type,implemented,allowed,allowed,unexposed,,source_reviewed,typed_contract_not_implemented,"{""layer"":id?}",https://github.com/storytold/photocraft/blob/ad863217386440ca968fccc9bfff65ba24e61142/crates/engine/src/type_extra_cmds.rs#L268 | https://github.com/storytold/photocraft/blob/ad863217386440ca968fccc9bfff65ba24e61142/crates/engine/src/type_extra_cmds.rs#L522
engine,type.edit,type,implemented,allowed,allowed,unexposed,,source_reviewed,typed_contract_not_implemented,"{""layer"":id?,""text"":str? (replace all, styles kept),""replace"":{""start"":char,""end"":char,""text"":str}?,""runs"":[{""start"":char,""end"":char,…character keys}]?,""box"":[x,y,w,h]? (to paragraph text),""point"":[x,y]? (to point text),""move"":[dx,dy]?,""transform"":[a,b,c,d,e,f]?,""antialias"":""none|sharp|crisp|strong|smooth""?,""name"":str?}",https://github.com/storytold/photocraft/blob/ad863217386440ca968fccc9bfff65ba24e61142/crates/engine/src/type_cmds.rs#L482
engine,type.fonts,type,implemented,allowed,allowed,unexposed,,source_reviewed,typed_contract_not_implemented,"{""family"":str? (faces of one family)}",https://github.com/storytold/photocraft/blob/ad863217386440ca968fccc9bfff65ba24e61142/crates/engine/src/type_cmds.rs#L622
engine,type.info,type,implemented,allowed,allowed,unexposed,,source_reviewed,typed_contract_not_implemented,"{""layer"":id?} → text, runs/paragraphs (char offsets + styles), shape, transform, laid-out lines (text space px), bounds",https://github.com/storytold/photocraft/blob/ad863217386440ca968fccc9bfff65ba24e61142/crates/engine/src/type_cmds.rs#L379 | https://github.com/storytold/photocraft/blob/ad863217386440ca968fccc9bfff65ba24e61142/crates/engine/src/type_cmds.rs#L612
engine,type.insertText,type,implemented,allowed,allowed,unexposed,,source_reviewed,typed_contract_not_implemented,"{""layer"":id?,""text"":str,""at"":char? (default: end of text),""range"":[startChar,endChar]? (replaced),""label"":str?} → {""layer"",""caret""}",https://github.com/storytold/photocraft/blob/ad863217386440ca968fccc9bfff65ba24e61142/crates/engine/src/type_spell_cmds.rs#L195 | https://github.com/storytold/photocraft/blob/ad863217386440ca968fccc9bfff65ba24e61142/crates/engine/src/type_spell_cmds.rs#L247
engine,type.loadDefaultTypeStyles,type,implemented,allowed,allowed,unexposed,,source_reviewed,typed_contract_not_implemented,"{""layer"":id?}",https://github.com/storytold/photocraft/blob/ad863217386440ca968fccc9bfff65ba24e61142/crates/engine/src/type_extra_cmds.rs#L474 | https://github.com/storytold/photocraft/blob/ad863217386440ca968fccc9bfff65ba24e61142/crates/engine/src/type_extra_cmds.rs#L565
engine,type.openType.contextualAlternates,type,implemented,allowed,allowed,unexposed,,source_reviewed,typed_contract_not_implemented,"{""layer"":id?,""on"":bool? (default: toggle),""range"":[startChar,endChar]? (default all)}",https://github.com/storytold/photocraft/blob/ad863217386440ca968fccc9bfff65ba24e61142/crates/engine/src/type_extra_cmds.rs#L345 | https://github.com/storytold/photocraft/blob/ad863217386440ca968fccc9bfff65ba24e61142/crates/engine/src/type_extra_cmds.rs#L513
engine,type.openType.discretionaryLigatures,type,implemented,allowed,allowed,unexposed,,source_reviewed,typed_contract_not_implemented,"{""layer"":id?,""on"":bool? (default: toggle),""range"":[startChar,endChar]? (default all)}",https://github.com/storytold/photocraft/blob/ad863217386440ca968fccc9bfff65ba24e61142/crates/engine/src/type_extra_cmds.rs#L345 | https://github.com/storytold/photocraft/blob/ad863217386440ca968fccc9bfff65ba24e61142/crates/engine/src/type_extra_cmds.rs#L514
engine,type.openType.fractions,type,implemented,allowed,allowed,unexposed,,source_reviewed,typed_contract_not_implemented,"{""layer"":id?,""on"":bool? (default: toggle),""range"":[startChar,endChar]? (default all)}",https://github.com/storytold/photocraft/blob/ad863217386440ca968fccc9bfff65ba24e61142/crates/engine/src/type_extra_cmds.rs#L345 | https://github.com/storytold/photocraft/blob/ad863217386440ca968fccc9bfff65ba24e61142/crates/engine/src/type_extra_cmds.rs#L521
engine,type.openType.oldstyle,type,implemented,allowed,allowed,unexposed,,source_reviewed,typed_contract_not_implemented,"{""layer"":id?,""on"":bool? (default: toggle),""range"":[startChar,endChar]? (default all)}",https://github.com/storytold/photocraft/blob/ad863217386440ca968fccc9bfff65ba24e61142/crates/engine/src/type_extra_cmds.rs#L345 | https://github.com/storytold/photocraft/blob/ad863217386440ca968fccc9bfff65ba24e61142/crates/engine/src/type_extra_cmds.rs#L516
engine,type.openType.ordinals,type,implemented,allowed,allowed,unexposed,,source_reviewed,typed_contract_not_implemented,"{""layer"":id?,""on"":bool? (default: toggle),""range"":[startChar,endChar]? (default all)}",https://github.com/storytold/photocraft/blob/ad863217386440ca968fccc9bfff65ba24e61142/crates/engine/src/type_extra_cmds.rs#L345 | https://github.com/storytold/photocraft/blob/ad863217386440ca968fccc9bfff65ba24e61142/crates/engine/src/type_extra_cmds.rs#L520
engine,type.openType.ornaments,type,implemented,allowed,allowed,unexposed,,source_reviewed,typed_contract_not_implemented,"{""layer"":id?,""on"":bool? (default: toggle),""range"":[startChar,endChar]? (default all)}",https://github.com/storytold/photocraft/blob/ad863217386440ca968fccc9bfff65ba24e61142/crates/engine/src/type_extra_cmds.rs#L345 | https://github.com/storytold/photocraft/blob/ad863217386440ca968fccc9bfff65ba24e61142/crates/engine/src/type_extra_cmds.rs#L519
engine,type.openType.standardLigatures,type,implemented,allowed,allowed,unexposed,,source_reviewed,typed_contract_not_implemented,"{""layer"":id?,""on"":bool? (default: toggle),""range"":[startChar,endChar]? (default all)}",https://github.com/storytold/photocraft/blob/ad863217386440ca968fccc9bfff65ba24e61142/crates/engine/src/type_extra_cmds.rs#L345 | https://github.com/storytold/photocraft/blob/ad863217386440ca968fccc9bfff65ba24e61142/crates/engine/src/type_extra_cmds.rs#L512
engine,type.openType.stylisticAlternates,type,implemented,allowed,allowed,unexposed,,source_reviewed,typed_contract_not_implemented,"{""layer"":id?,""on"":bool? (default: toggle),""range"":[startChar,endChar]? (default all)}",https://github.com/storytold/photocraft/blob/ad863217386440ca968fccc9bfff65ba24e61142/crates/engine/src/type_extra_cmds.rs#L345 | https://github.com/storytold/photocraft/blob/ad863217386440ca968fccc9bfff65ba24e61142/crates/engine/src/type_extra_cmds.rs#L517
engine,type.openType.swash,type,implemented,allowed,allowed,unexposed,,source_reviewed,typed_contract_not_implemented,"{""layer"":id?,""on"":bool? (default: toggle),""range"":[startChar,endChar]? (default all)}",https://github.com/storytold/photocraft/blob/ad863217386440ca968fccc9bfff65ba24e61142/crates/engine/src/type_extra_cmds.rs#L345 | https://github.com/storytold/photocraft/blob/ad863217386440ca968fccc9bfff65ba24e61142/crates/engine/src/type_extra_cmds.rs#L515
engine,type.openType.titlingAlternates,type,implemented,allowed,allowed,unexposed,,source_reviewed,typed_contract_not_implemented,"{""layer"":id?,""on"":bool? (default: toggle),""range"":[startChar,endChar]? (default all)}",https://github.com/storytold/photocraft/blob/ad863217386440ca968fccc9bfff65ba24e61142/crates/engine/src/type_extra_cmds.rs#L345 | https://github.com/storytold/photocraft/blob/ad863217386440ca968fccc9bfff65ba24e61142/crates/engine/src/type_extra_cmds.rs#L518
engine,type.orientation.horizontal,type,implemented,allowed,allowed,unexposed,,source_reviewed,typed_contract_not_implemented,"{""layer"":id?}",https://github.com/storytold/photocraft/blob/ad863217386440ca968fccc9bfff65ba24e61142/crates/engine/src/type_extra_cmds.rs#L126 | https://github.com/storytold/photocraft/blob/ad863217386440ca968fccc9bfff65ba24e61142/crates/engine/src/type_extra_cmds.rs#L503
engine,type.orientation.vertical,type,implemented,allowed,allowed,unexposed,,source_reviewed,typed_contract_not_implemented,"{""layer"":id?} (stored and saved; rendered horizontally for now)",https://github.com/storytold/photocraft/blob/ad863217386440ca968fccc9bfff65ba24e61142/crates/engine/src/type_extra_cmds.rs#L126 | https://github.com/storytold/photocraft/blob/ad863217386440ca968fccc9bfff65ba24e61142/crates/engine/src/type_extra_cmds.rs#L505
engine,type.paragraphStyle.apply,type,implemented,allowed,allowed,unexposed,,source_reviewed,typed_contract_not_implemented,"{""id"":u32|0|null (0/null: None / Basic Paragraph),""clearOverrides"":bool=false (Alt-click),""layer"":id? | ""layers"":[id]? (default: the selected type layers),""range"":[startChar,endChar]? (one layer; default all text)}",https://github.com/storytold/photocraft/blob/ad863217386440ca968fccc9bfff65ba24e61142/crates/engine/src/type_styles_cmds.rs#L605 | https://github.com/storytold/photocraft/blob/ad863217386440ca968fccc9bfff65ba24e61142/crates/engine/src/type_styles_cmds.rs#L606
engine,type.paragraphStyle.clearOverride,type,implemented,allowed,allowed,unexposed,,source_reviewed,typed_contract_not_implemented,"{""layer"":id? | ""layers"":[id]? (default: the selected type layers),""range"":[startChar,endChar]? (one layer; default all text)}",https://github.com/storytold/photocraft/blob/ad863217386440ca968fccc9bfff65ba24e61142/crates/engine/src/type_styles_cmds.rs#L624
engine,type.paragraphStyle.delete,type,implemented,allowed,allowed,unexposed,,source_reviewed,typed_contract_not_implemented,"{""id"":u32} (text keeps its formatting as overrides)",https://github.com/storytold/photocraft/blob/ad863217386440ca968fccc9bfff65ba24e61142/crates/engine/src/type_styles_cmds.rs#L499 | https://github.com/storytold/photocraft/blob/ad863217386440ca968fccc9bfff65ba24e61142/crates/engine/src/type_styles_cmds.rs#L500
engine,type.paragraphStyle.duplicate,type,implemented,allowed,allowed,unexposed,,source_reviewed,typed_contract_not_implemented,"{""id"":u32}",https://github.com/storytold/photocraft/blob/ad863217386440ca968fccc9bfff65ba24e61142/crates/engine/src/type_styles_cmds.rs#L476 | https://github.com/storytold/photocraft/blob/ad863217386440ca968fccc9bfff65ba24e61142/crates/engine/src/type_styles_cmds.rs#L477
engine,type.paragraphStyle.list,type,implemented,allowed,allowed,unexposed,,source_reviewed,typed_contract_not_implemented,"{""layer"":id? | ""layers"":[id]? (default: the selected type layers),""range"":[startChar,endChar]? (one layer; default all text)} → {""styles"":[{""id"",""name"",attributes,""resolved""}],""current"":{""character"":id|null (mixed),""characterOverride"":bool,""paragraph"":id|null,""paragraphOverride"":bool}}",https://github.com/storytold/photocraft/blob/ad863217386440ca968fccc9bfff65ba24e61142/crates/engine/src/type_styles_cmds.rs#L403
engine,type.paragraphStyle.new,type,implemented,allowed,allowed,unexposed,,source_reviewed,typed_contract_not_implemented,"{""name"":str?,""attrs"":{model fields as in type.info (""size_pt"":36,""font_family"":""Inter"",""align"":""Center"",…) or Character/Paragraph panel keys as in type.setStyle (""size"":36,""font"":""Inter"",""color"":""#rrggbb"",""align"":""center"",…)}?,""fromSelection"":bool=true (start from the targeted text's formatting),""apply"":bool=false,""layer"":id? | ""layers"":[id]? (default: the selected type layers),""range"":[startChar,endChar]? (one layer; default all text)} → {""id"",""name""}",https://github.com/storytold/photocraft/blob/ad863217386440ca968fccc9bfff65ba24e61142/crates/engine/src/type_styles_cmds.rs#L417 | https://github.com/storytold/photocraft/blob/ad863217386440ca968fccc9bfff65ba24e61142/crates/engine/src/type_styles_cmds.rs#L418
engine,type.paragraphStyle.redefine,type,implemented,allowed,allowed,unexposed,,source_reviewed,typed_contract_not_implemented,"{""id"":u32? (default: the targeted text's style),""layer"":id? | ""layers"":[id]? (default: the selected type layers),""range"":[startChar,endChar]? (one layer; default all text)} (the style takes the formatting of the start of the targeted text)",https://github.com/storytold/photocraft/blob/ad863217386440ca968fccc9bfff65ba24e61142/crates/engine/src/type_styles_cmds.rs#L632 | https://github.com/storytold/photocraft/blob/ad863217386440ca968fccc9bfff65ba24e61142/crates/engine/src/type_styles_cmds.rs#L633
engine,type.paragraphStyle.rename,type,implemented,allowed,allowed,unexposed,,source_reviewed,typed_contract_not_implemented,"{""id"":u32,""name"":str}",https://github.com/storytold/photocraft/blob/ad863217386440ca968fccc9bfff65ba24e61142/crates/engine/src/type_styles_cmds.rs#L541 | https://github.com/storytold/photocraft/blob/ad863217386440ca968fccc9bfff65ba24e61142/crates/engine/src/type_styles_cmds.rs#L542
engine,type.paragraphStyle.set,type,implemented,allowed,allowed,unexposed,,source_reviewed,typed_contract_not_implemented,"{""id"":u32 (paragraph: 0 = Basic Paragraph),""name"":str?,""attrs"":{model fields as in type.info (""size_pt"":36,""font_family"":""Inter"",""align"":""Center"",…) or Character/Paragraph panel keys as in type.setStyle (""size"":36,""font"":""Inter"",""color"":""#rrggbb"",""align"":""center"",…)},""replace"":bool=false (drop attributes not given),""clear"":[field]?} (text using the style updates, overrides kept)",https://github.com/storytold/photocraft/blob/ad863217386440ca968fccc9bfff65ba24e61142/crates/engine/src/type_styles_cmds.rs#L557 | https://github.com/storytold/photocraft/blob/ad863217386440ca968fccc9bfff65ba24e61142/crates/engine/src/type_styles_cmds.rs#L558
engine,type.pasteLoremIpsum,type,implemented,allowed,allowed,unexposed,,source_reviewed,typed_contract_not_implemented,"{""layer"":id?,""at"":char? (default end),""new"":bool=false (new paragraph text layer)}",https://github.com/storytold/photocraft/blob/ad863217386440ca968fccc9bfff65ba24e61142/crates/engine/src/type_extra_cmds.rs#L361 | https://github.com/storytold/photocraft/blob/ad863217386440ca968fccc9bfff65ba24e61142/crates/engine/src/type_extra_cmds.rs#L550
engine,type.rasterize,type,implemented,allowed,allowed,unexposed,,source_reviewed,typed_contract_not_implemented,"{""layer"":id?}",https://github.com/storytold/photocraft/blob/ad863217386440ca968fccc9bfff65ba24e61142/crates/engine/src/type_cmds.rs#L584
engine,type.rasterizeTypeLayer,type,implemented,allowed,allowed,unexposed,,source_reviewed,typed_contract_not_implemented,"{""layer"":id?}",https://github.com/storytold/photocraft/blob/ad863217386440ca968fccc9bfff65ba24e61142/crates/engine/src/type_extra_cmds.rs#L524
engine,type.replaceAllMissingFonts,type,implemented,allowed,allowed,unexposed,,source_reviewed,typed_contract_not_implemented,{} (with the default family),https://github.com/storytold/photocraft/blob/ad863217386440ca968fccc9bfff65ba24e61142/crates/engine/src/type_extra_cmds.rs#L416 | https://github.com/storytold/photocraft/blob/ad863217386440ca968fccc9bfff65ba24e61142/crates/engine/src/type_extra_cmds.rs#L536
engine,type.resolveMissingFonts,type,implemented,allowed,allowed,unexposed,,source_reviewed,typed_contract_not_implemented,"{""map"":{""Missing Family"":""Installed Family""}?} (no map: list the missing families)",https://github.com/storytold/photocraft/blob/ad863217386440ca968fccc9bfff65ba24e61142/crates/engine/src/type_extra_cmds.rs#L458 | https://github.com/storytold/photocraft/blob/ad863217386440ca968fccc9bfff65ba24e61142/crates/engine/src/type_extra_cmds.rs#L542
engine,type.saveDefaultTypeStyles,type,implemented,allowed,allowed,unexposed,,source_reviewed,typed_contract_not_implemented,{} (from the active type layer; new type layers start from them),https://github.com/storytold/photocraft/blob/ad863217386440ca968fccc9bfff65ba24e61142/crates/engine/src/type_extra_cmds.rs#L465 | https://github.com/storytold/photocraft/blob/ad863217386440ca968fccc9bfff65ba24e61142/crates/engine/src/type_extra_cmds.rs#L558
engine,type.setStyle,type,implemented,allowed,allowed,unexposed,,source_reviewed,typed_contract_not_implemented,"{""layer"":id?,""range"":[startChar,endChar]? (default all), ""font"":str,""fontStyle"":str,""weight"":100..900,""italic"":bool,""size"":pt,""color"":""#rrggbb""|[r,g,b,a],""tracking"":1/1000em,""leading"":pt|""auto"",""baselineShift"":pt,""horizontalScale"":%,""verticalScale"":%,""underline"":bool,""strikethrough"":bool,""fauxBold"":bool,""fauxItalic"":bool,""kerning"":""metrics|optical|none"",""caps"":""normal|small|all"",""ligatures"":bool,""discretionaryLigatures"":bool,""features"":{""ss01"":1},""variations"":{""wght"":650},""language"":str, paragraph keys: ""align"":""left|center|right|justify|justifyCenter|justifyRight|justifyAll"",""firstLineIndent"":pt,""startIndent"":pt,""endIndent"":pt,""spaceBefore"":pt,""spaceAfter"":pt,""autoLeading"":%,""direction"":""auto|ltr|rtl"",""hyphenate"":bool}",https://github.com/storytold/photocraft/blob/ad863217386440ca968fccc9bfff65ba24e61142/crates/engine/src/type_cmds.rs#L552
engine,type.updateAllTextLayers,type,implemented,allowed,allowed,unexposed,,source_reviewed,typed_contract_not_implemented,{},https://github.com/storytold/photocraft/blob/ad863217386440ca968fccc9bfff65ba24e61142/crates/engine/src/type_extra_cmds.rs#L378 | https://github.com/storytold/photocraft/blob/ad863217386440ca968fccc9bfff65ba24e61142/crates/engine/src/type_extra_cmds.rs#L535
engine,type.warpText,type,implemented,allowed,allowed,unexposed,,source_reviewed,typed_contract_not_implemented,"{""layer"":id?,""style"":""none|arc|arcLower|arcUpper|arch|bulge|shellLower|shellUpper|flag|wave|fish|rise|fisheye|inflate|squeeze|twist""=""arc"",""bend"":-100..100=50,""horizontalDistortion"":-100..100=0,""verticalDistortion"":-100..100=0,""orientation"":""horizontal|vertical""=""horizontal""}",https://github.com/storytold/photocraft/blob/ad863217386440ca968fccc9bfff65ba24e61142/crates/engine/src/type_extra_cmds.rs#L300 | https://github.com/storytold/photocraft/blob/ad863217386440ca968fccc9bfff65ba24e61142/crates/engine/src/type_extra_cmds.rs#L528
engine,variables.list,variables,implemented,allowed,allowed,unexposed,,source_reviewed,typed_contract_not_implemented,"{} → {defs,dataSets,active}",https://github.com/storytold/photocraft/blob/ad863217386440ca968fccc9bfff65ba24e61142/crates/engine/src/variables_cmds.rs#L422
engine,view.clearCanvasGuides,view,implemented,allowed,allowed,unexposed,,source_reviewed,typed_contract_not_implemented,{},https://github.com/storytold/photocraft/blob/ad863217386440ca968fccc9bfff65ba24e61142/crates/engine/src/file_cmds.rs#L1135 | https://github.com/storytold/photocraft/blob/ad863217386440ca968fccc9bfff65ba24e61142/crates/engine/src/file_cmds.rs#L973 | https://github.com/storytold/photocraft/blob/ad863217386440ca968fccc9bfff65ba24e61142/crates/automation/src/workspace.rs#L131
engine,view.clearGuides,view,implemented,allowed,allowed,unexposed,,source_reviewed,typed_contract_not_implemented,{},https://github.com/storytold/photocraft/blob/ad863217386440ca968fccc9bfff65ba24e61142/crates/engine/src/edit_cmds.rs#L429 | https://github.com/storytold/photocraft/blob/ad863217386440ca968fccc9bfff65ba24e61142/crates/engine/src/edit_cmds.rs#L357 | https://github.com/storytold/photocraft/blob/ad863217386440ca968fccc9bfff65ba24e61142/crates/automation/src/workspace.rs#L131
engine,view.clearSelectedArtboardGuides,view,implemented,allowed,allowed,unexposed,,source_reviewed,typed_contract_not_implemented,{} (guides inside the active artboard),https://github.com/storytold/photocraft/blob/ad863217386440ca968fccc9bfff65ba24e61142/crates/engine/src/artboard_cmds.rs#L472 | https://github.com/storytold/photocraft/blob/ad863217386440ca968fccc9bfff65ba24e61142/crates/engine/src/artboard_cmds.rs#L283 | https://github.com/storytold/photocraft/blob/ad863217386440ca968fccc9bfff65ba24e61142/crates/automation/src/workspace.rs#L131
engine,view.clearSlices,view,implemented,allowed,allowed,unexposed,,source_reviewed,typed_contract_not_implemented,{} (deletes every user and layer-based slice) → {cleared},https://github.com/storytold/photocraft/blob/ad863217386440ca968fccc9bfff65ba24e61142/crates/engine/src/slice_cmds.rs#L499 | https://github.com/storytold/photocraft/blob/ad863217386440ca968fccc9bfff65ba24e61142/crates/engine/src/slice_cmds.rs#L435 | https://github.com/storytold/photocraft/blob/ad863217386440ca968fccc9bfff65ba24e61142/crates/automation/src/workspace.rs#L131
engine,view.deleteGuide,view,implemented,allowed,allowed,unexposed,,source_reviewed,typed_contract_not_implemented,"{""orientation"":""horizontal|vertical"",""index"":n}",https://github.com/storytold/photocraft/blob/ad863217386440ca968fccc9bfff65ba24e61142/crates/engine/src/edit_cmds.rs#L428 | https://github.com/storytold/photocraft/blob/ad863217386440ca968fccc9bfff65ba24e61142/crates/engine/src/edit_cmds.rs#L357 | https://github.com/storytold/photocraft/blob/ad863217386440ca968fccc9bfff65ba24e61142/crates/automation/src/workspace.rs#L131
engine,view.gamutWarning,view,implemented,conditional,conditional,unexposed,,source_reviewed,typed_contract_not_implemented,"{""on"":bool=toggle,""threshold"":deltaE=4,""profile"":""<proof profile override>""}",https://github.com/storytold/photocraft/blob/ad863217386440ca968fccc9bfff65ba24e61142/crates/engine/src/color_cmds.rs#L984 | https://github.com/storytold/photocraft/blob/ad863217386440ca968fccc9bfff65ba24e61142/crates/engine/src/color_cmds.rs#L792 | https://github.com/storytold/photocraft/blob/ad863217386440ca968fccc9bfff65ba24e61142/crates/automation/src/workspace.rs#L131 | https://github.com/storytold/photocraft/blob/ad863217386440ca968fccc9bfff65ba24e61142/crates/automation/src/workspace.rs#L181
engine,view.lockSlices,view,implemented,allowed,allowed,unexposed,,source_reviewed,typed_contract_not_implemented,"{""on"":bool? (default: toggle)} → {locked}",https://github.com/storytold/photocraft/blob/ad863217386440ca968fccc9bfff65ba24e61142/crates/engine/src/slice_cmds.rs#L498 | https://github.com/storytold/photocraft/blob/ad863217386440ca968fccc9bfff65ba24e61142/crates/engine/src/slice_cmds.rs#L429 | https://github.com/storytold/photocraft/blob/ad863217386440ca968fccc9bfff65ba24e61142/crates/automation/src/workspace.rs#L131
engine,view.moveGuide,view,implemented,allowed,allowed,unexposed,,source_reviewed,typed_contract_not_implemented,"{""orientation"":""horizontal|vertical"",""index"":n,""position"":px}",https://github.com/storytold/photocraft/blob/ad863217386440ca968fccc9bfff65ba24e61142/crates/engine/src/edit_cmds.rs#L425 | https://github.com/storytold/photocraft/blob/ad863217386440ca968fccc9bfff65ba24e61142/crates/engine/src/edit_cmds.rs#L357 | https://github.com/storytold/photocraft/blob/ad863217386440ca968fccc9bfff65ba24e61142/crates/automation/src/workspace.rs#L131
engine,view.newGuide,view,implemented,allowed,allowed,unexposed,,source_reviewed,typed_contract_not_implemented,"{""orientation"":""horizontal|vertical"",""position"":px}",https://github.com/storytold/photocraft/blob/ad863217386440ca968fccc9bfff65ba24e61142/crates/engine/src/edit_cmds.rs#L422 | https://github.com/storytold/photocraft/blob/ad863217386440ca968fccc9bfff65ba24e61142/crates/engine/src/edit_cmds.rs#L357 | https://github.com/storytold/photocraft/blob/ad863217386440ca968fccc9bfff65ba24e61142/crates/automation/src/workspace.rs#L131
engine,view.newGuideLayout,view,implemented,allowed,allowed,unexposed,,source_reviewed,typed_contract_not_implemented,"{""columns"":n=0,""width"":px?,""gutter"":px=0,""rows"":n=0,""height"":px?,""rowGutter"":px=gutter,""margin"":px|[top,left,bottom,right]=0,""centerColumns"":bool=false,""clearExisting"":bool=false}",https://github.com/storytold/photocraft/blob/ad863217386440ca968fccc9bfff65ba24e61142/crates/engine/src/file_cmds.rs#L1126 | https://github.com/storytold/photocraft/blob/ad863217386440ca968fccc9bfff65ba24e61142/crates/engine/src/file_cmds.rs#L911 | https://github.com/storytold/photocraft/blob/ad863217386440ca968fccc9bfff65ba24e61142/crates/automation/src/workspace.rs#L131
engine,view.newGuidesFromShape,view,implemented,allowed,allowed,unexposed,,source_reviewed,typed_contract_not_implemented,"{""layer"":id?}",https://github.com/storytold/photocraft/blob/ad863217386440ca968fccc9bfff65ba24e61142/crates/engine/src/file_cmds.rs#L1134 | https://github.com/storytold/photocraft/blob/ad863217386440ca968fccc9bfff65ba24e61142/crates/engine/src/file_cmds.rs#L955 | https://github.com/storytold/photocraft/blob/ad863217386440ca968fccc9bfff65ba24e61142/crates/automation/src/workspace.rs#L131
engine,view.proofColors,view,implemented,allowed,allowed,unexposed,,source_reviewed,typed_contract_not_implemented,"{""on"":bool=toggle}",https://github.com/storytold/photocraft/blob/ad863217386440ca968fccc9bfff65ba24e61142/crates/engine/src/color_cmds.rs#L982 | https://github.com/storytold/photocraft/blob/ad863217386440ca968fccc9bfff65ba24e61142/crates/engine/src/color_cmds.rs#L785 | https://github.com/storytold/photocraft/blob/ad863217386440ca968fccc9bfff65ba24e61142/crates/automation/src/workspace.rs#L131
engine,view.proofSetup,view,implemented,denied,denied,blocked,,source_reviewed,upstream_workspace_denied,"{""profile"":""working-cmyk|srgb|display-p3|adobe-rgb-compat|prophoto-compat|linear-srgb|rec2020|gray-gamma-2.2|sgray|lab-d50|coated-cmyk"" (or a path to an .icc file)=""working-cmyk"",""intent"":""perceptual|relative|saturation|absolute""=""relative"",""bpc"":bool=true,""simulatePaper"":bool=false}",https://github.com/storytold/photocraft/blob/ad863217386440ca968fccc9bfff65ba24e61142/crates/engine/src/color_cmds.rs#L974 | https://github.com/storytold/photocraft/blob/ad863217386440ca968fccc9bfff65ba24e61142/crates/engine/src/color_cmds.rs#L764 | https://github.com/storytold/photocraft/blob/ad863217386440ca968fccc9bfff65ba24e61142/crates/automation/src/workspace.rs#L131 | https://github.com/storytold/photocraft/blob/ad863217386440ca968fccc9bfff65ba24e61142/crates/automation/src/workspace.rs#L140
engine,view.proofSetup.colorBlindnessDeuteranopia,view,implemented,allowed,allowed,unexposed,,source_reviewed,typed_contract_not_implemented,{} (sets the proof and turns Proof Colors on),https://github.com/storytold/photocraft/blob/ad863217386440ca968fccc9bfff65ba24e61142/crates/engine/src/proof_sim.rs#L310 | https://github.com/storytold/photocraft/blob/ad863217386440ca968fccc9bfff65ba24e61142/crates/engine/src/proof_sim.rs#L245 | https://github.com/storytold/photocraft/blob/ad863217386440ca968fccc9bfff65ba24e61142/crates/automation/src/workspace.rs#L131
engine,view.proofSetup.colorBlindnessProtanopia,view,implemented,allowed,allowed,unexposed,,source_reviewed,typed_contract_not_implemented,{} (sets the proof and turns Proof Colors on),https://github.com/storytold/photocraft/blob/ad863217386440ca968fccc9bfff65ba24e61142/crates/engine/src/proof_sim.rs#L309 | https://github.com/storytold/photocraft/blob/ad863217386440ca968fccc9bfff65ba24e61142/crates/engine/src/proof_sim.rs#L245 | https://github.com/storytold/photocraft/blob/ad863217386440ca968fccc9bfff65ba24e61142/crates/automation/src/workspace.rs#L131
engine,view.proofSetup.legacyMacintoshRgb,view,implemented,allowed,allowed,unexposed,,source_reviewed,typed_contract_not_implemented,{} (sets the proof and turns Proof Colors on),https://github.com/storytold/photocraft/blob/ad863217386440ca968fccc9bfff65ba24e61142/crates/engine/src/proof_sim.rs#L308 | https://github.com/storytold/photocraft/blob/ad863217386440ca968fccc9bfff65ba24e61142/crates/engine/src/proof_sim.rs#L245 | https://github.com/storytold/photocraft/blob/ad863217386440ca968fccc9bfff65ba24e61142/crates/automation/src/workspace.rs#L131
engine,view.proofSetup.workingBlackPlate,view,implemented,conditional,allowed,unexposed,,source_reviewed,typed_contract_not_implemented,{} (sets the proof and turns Proof Colors on),https://github.com/storytold/photocraft/blob/ad863217386440ca968fccc9bfff65ba24e61142/crates/engine/src/proof_sim.rs#L306 | https://github.com/storytold/photocraft/blob/ad863217386440ca968fccc9bfff65ba24e61142/crates/engine/src/proof_sim.rs#L245 | https://github.com/storytold/photocraft/blob/ad863217386440ca968fccc9bfff65ba24e61142/crates/automation/src/workspace.rs#L131
engine,view.proofSetup.workingCmyPlate,view,implemented,conditional,allowed,unexposed,,source_reviewed,typed_contract_not_implemented,{} (sets the proof and turns Proof Colors on),https://github.com/storytold/photocraft/blob/ad863217386440ca968fccc9bfff65ba24e61142/crates/engine/src/proof_sim.rs#L307 | https://github.com/storytold/photocraft/blob/ad863217386440ca968fccc9bfff65ba24e61142/crates/engine/src/proof_sim.rs#L245 | https://github.com/storytold/photocraft/blob/ad863217386440ca968fccc9bfff65ba24e61142/crates/automation/src/workspace.rs#L131
engine,view.proofSetup.workingCyanPlate,view,implemented,conditional,allowed,unexposed,,source_reviewed,typed_contract_not_implemented,{} (sets the proof and turns Proof Colors on),https://github.com/storytold/photocraft/blob/ad863217386440ca968fccc9bfff65ba24e61142/crates/engine/src/proof_sim.rs#L303 | https://github.com/storytold/photocraft/blob/ad863217386440ca968fccc9bfff65ba24e61142/crates/engine/src/proof_sim.rs#L245 | https://github.com/storytold/photocraft/blob/ad863217386440ca968fccc9bfff65ba24e61142/crates/automation/src/workspace.rs#L131
engine,view.proofSetup.workingMagentaPlate,view,implemented,conditional,allowed,unexposed,,source_reviewed,typed_contract_not_implemented,{} (sets the proof and turns Proof Colors on),https://github.com/storytold/photocraft/blob/ad863217386440ca968fccc9bfff65ba24e61142/crates/engine/src/proof_sim.rs#L304 | https://github.com/storytold/photocraft/blob/ad863217386440ca968fccc9bfff65ba24e61142/crates/engine/src/proof_sim.rs#L245 | https://github.com/storytold/photocraft/blob/ad863217386440ca968fccc9bfff65ba24e61142/crates/automation/src/workspace.rs#L131
engine,view.proofSetup.workingYellowPlate,view,implemented,conditional,allowed,unexposed,,source_reviewed,typed_contract_not_implemented,{} (sets the proof and turns Proof Colors on),https://github.com/storytold/photocraft/blob/ad863217386440ca968fccc9bfff65ba24e61142/crates/engine/src/proof_sim.rs#L305 | https://github.com/storytold/photocraft/blob/ad863217386440ca968fccc9bfff65ba24e61142/crates/engine/src/proof_sim.rs#L245 | https://github.com/storytold/photocraft/blob/ad863217386440ca968fccc9bfff65ba24e61142/crates/automation/src/workspace.rs#L131
engine,view.thirtyTwoBitPreviewOptions,view,implemented,allowed,allowed,unexposed,,source_reviewed,typed_contract_not_implemented,"{""method"":""exposureGamma|highlightCompression""=""exposureGamma"",""exposure"":-20..20=0,""gamma"":0.1..9.99=1}",https://github.com/storytold/photocraft/blob/ad863217386440ca968fccc9bfff65ba24e61142/crates/engine/src/proof_sim.rs#L312 | https://github.com/storytold/photocraft/blob/ad863217386440ca968fccc9bfff65ba24e61142/crates/engine/src/proof_sim.rs#L265 | https://github.com/storytold/photocraft/blob/ad863217386440ca968fccc9bfff65ba24e61142/crates/automation/src/workspace.rs#L131
mcp,jobs_cancel,jobs,not_in_release,not_in_release,not_applicable,main_only,,source_reviewed,absent_from_pinned_release,Not a PhotoCraft 0.2.0 capability.,https://github.com/storytold/photocraft/blob/29c280a2c696921757775dad737757e8691ac00a/crates/automation/src/server.rs
mcp,jobs_list,jobs,not_in_release,not_in_release,not_applicable,main_only,,source_reviewed,absent_from_pinned_release,Not a PhotoCraft 0.2.0 capability.,https://github.com/storytold/photocraft/blob/29c280a2c696921757775dad737757e8691ac00a/crates/automation/src/server.rs
mcp,command_batch,mcp,implemented,allowed_with_parameters_and_state,not_applicable,unexposed,,source_reviewed,raw_batch_not_exposed,"Run several engine commands in one call (fewer round trips). Returns {completed, failed, results:[{ok, result|error}]}; stops at the first error unless stop_on_error is false.",https://github.com/storytold/photocraft/blob/ad863217386440ca968fccc9bfff65ba24e61142/crates/automation/src/server.rs
mcp,command_list,mcp,implemented,allowed_with_parameters_and_state,not_applicable,partial,capabilities_query,source_reviewed,reviewed_typed_subset,"List engine commands: id, label, menu path, shortcut, parameter doc, enabled now.",https://github.com/storytold/photocraft/blob/ad863217386440ca968fccc9bfff65ba24e61142/crates/automation/src/server.rs
mcp,command_run,mcp,implemented,allowed_with_parameters_and_state,not_applicable,partial,,source_reviewed,reviewed_typed_subset,Run an engine command by id with JSON params (see command_list). Returns the command's JSON result.,https://github.com/storytold/photocraft/blob/ad863217386440ca968fccc9bfff65ba24e61142/crates/automation/src/server.rs
mcp,control_call,mcp,bridge_only,not_applicable,not_applicable,blocked,,source_reviewed,desktop_bridge_replay_risk,Bridge mode: call any control-protocol method (docs/control-protocol.md) with raw params.,https://github.com/storytold/photocraft/blob/ad863217386440ca968fccc9bfff65ba24e61142/crates/automation/src/server.rs
mcp,doc_close,mcp,implemented,allowed_with_parameters_and_state,not_applicable,typed,document_session,source_reviewed,reviewed_typed_subset,Close a document (default: the active one) without saving.,https://github.com/storytold/photocraft/blob/ad863217386440ca968fccc9bfff65ba24e61142/crates/automation/src/server.rs
mcp,doc_export,mcp,implemented,allowed_with_parameters_and_state,not_applicable,partial,export_image,source_reviewed,reviewed_typed_subset,Export the document to another format (same as doc_save with an explicit path/format).,https://github.com/storytold/photocraft/blob/ad863217386440ca968fccc9bfff65ba24e61142/crates/automation/src/server.rs
mcp,doc_inspect,mcp,implemented,allowed_with_parameters_and_state,not_applicable,partial,document_inspect,source_reviewed,reviewed_typed_subset,"Document state as JSON: layer tree (top to bottom), history, selection, active layer.",https://github.com/storytold/photocraft/blob/ad863217386440ca968fccc9bfff65ba24e61142/crates/automation/src/server.rs
mcp,doc_new,mcp,implemented,allowed_with_parameters_and_state,not_applicable,partial,document_new,source_reviewed,reviewed_typed_subset,Create a new document (defaults: 1920x1080 RGB 8-bit white).,https://github.com/storytold/photocraft/blob/ad863217386440ca968fccc9bfff65ba24e61142/crates/automation/src/server.rs
mcp,doc_open,mcp,implemented,allowed_with_parameters_and_state,not_applicable,partial,document_open,source_reviewed,reviewed_typed_subset,"Open an image or document file and make it active. Returns index, size and import warnings.",https://github.com/storytold/photocraft/blob/ad863217386440ca968fccc9bfff65ba24e61142/crates/automation/src/server.rs
mcp,doc_render_preview,mcp,implemented,allowed_with_parameters_and_state,not_applicable,partial,preview,source_reviewed,reviewed_typed_subset,Render the flattened document and return it as a PNG image (bridge mode: window screenshot).,https://github.com/storytold/photocraft/blob/ad863217386440ca968fccc9bfff65ba24e61142/crates/automation/src/server.rs
mcp,doc_save,mcp,implemented,allowed_with_parameters_and_state,not_applicable,partial,document_save_as,source_reviewed,reviewed_typed_subset,"Save the document. `.pcraft` is the lossless native format (incremental); other extensions (psd, png, jpg, tif, webp, exr, …) export. Returns warnings about anything the format cannot hold.",https://github.com/storytold/photocraft/blob/ad863217386440ca968fccc9bfff65ba24e61142/crates/automation/src/server.rs
mcp,doc_select,mcp,implemented,allowed_with_parameters_and_state,not_applicable,typed,document_session,source_reviewed,reviewed_typed_subset,Make the document at `index` active.,https://github.com/storytold/photocraft/blob/ad863217386440ca968fccc9bfff65ba24e61142/crates/automation/src/server.rs
mcp,session_list,mcp,implemented,allowed_with_parameters_and_state,not_applicable,typed,document_session,source_reviewed,reviewed_typed_subset,"List open documents (index, name, size, dirty) and the active index.",https://github.com/storytold/photocraft/blob/ad863217386440ca968fccc9bfff65ba24e61142/crates/automation/src/server.rs
mcp,ui_inspect,mcp,bridge_only,not_applicable,not_applicable,blocked,,source_reviewed,desktop_bridge_replay_risk,"Bridge mode: full UI state of the live app (tool, panels, views, dialogs, menu tree).",https://github.com/storytold/photocraft/blob/ad863217386440ca968fccc9bfff65ba24e61142/crates/automation/src/server.rs
mcp,ui_menu_invoke,mcp,bridge_only,not_applicable,not_applicable,blocked,,source_reviewed,desktop_bridge_replay_risk,Bridge mode: activate a menu item by id.,https://github.com/storytold/photocraft/blob/ad863217386440ca968fccc9bfff65ba24e61142/crates/automation/src/server.rs
mcp,ui_pointer,mcp,bridge_only,not_applicable,not_applicable,blocked,,source_reviewed,desktop_bridge_replay_risk,Bridge mode: send pointer events (document coordinates) to the active tool.,https://github.com/storytold/photocraft/blob/ad863217386440ca968fccc9bfff65ba24e61142/crates/automation/src/server.rs
mcp,ui_screenshot,mcp,bridge_only,not_applicable,not_applicable,blocked,,source_reviewed,desktop_bridge_replay_risk,Bridge mode: screenshot of the live app window as PNG.,https://github.com/storytold/photocraft/blob/ad863217386440ca968fccc9bfff65ba24e61142/crates/automation/src/server.rs
mcp,ui_set,mcp,bridge_only,not_applicable,not_applicable,blocked,,source_reviewed,desktop_bridge_replay_risk,"Bridge mode: change UI state (tool, panels, zoom, center, dark).",https://github.com/storytold/photocraft/blob/ad863217386440ca968fccc9bfff65ba24e61142/crates/automation/src/server.rs
